route_no,passenger_count,population,traffic_volume,headway_minutes,vulnerability_index,traffic_volume_scaled,passenger_count_scaled,headway_minutes_scaled,vulnerability_index_scaled,population_scaled,priority_score,rank,bus_no
CWB379050000,1582703.84,549740,1582703.84,29.181102362204726,0.11996762105722705,1.0,1.0,0.39433922111087466,0.2742263668636898,0.04586250398081467,0.7108767313066254,1,BRT일반(5000)
CWB379001000,1481301.96,477173,1481301.96,28.717391304347828,0.12905591892248724,0.9356550653589005,0.9356550653589005,0.3880728554641598,0.32035629541145794,0.17354240601318552,0.6883974804506366,2,100
CWB379001220,1379749.06,421365,1379749.06,30.849315068493148,0.13531261495378116,0.8712143004232397,0.8712143004232397,0.41688263606071824,0.3521137207454075,0.27173524811252203,0.6684900043518803,3,122
CWB379001020,1429359.22,508727,1429359.22,30.908496732026144,0.1238051056853676,0.9026946092965512,0.9026946092965512,0.4176823882706236,0.29370447974288444,0.11802389720436843,0.6663260809267807,4,102
CWB379001030,1450408.83,473610,1450408.83,25.48854961832061,0.11842021916766961,0.9160517164790871,0.9160517164790871,0.3444398597070353,0.2663721416107058,0.1798114193517738,0.6631373579251073,5,103
CWB379001090,1387702.62,534175,1387702.62,27.474074074074075,0.12130668788318436,0.8762612610748969,0.8762612610748969,0.3712712712712713,0.28102313540251767,0.07324874945236307,0.6354381993846804,6,109
CWB379000641,1090412.76,301191,1090412.76,45.275510204081634,0.1554727730908294,0.6876148907002886,0.6876148907002886,0.6118312189740761,0.45444164486952704,0.48317852876127604,0.6286971955780687,7,64-1
CWB379001130,1261912.34,488704,1261912.34,37.88721804511278,0.10596598349921425,0.7964405778184761,0.7964405778184761,0.5119894330420646,0.20315755401460886,0.15325388712257038,0.6159033774132165,8,113
CWB379001110,1198776.91,381528,1198776.91,37.67701863354037,0.11489065022750623,0.7563777592899862,0.7563777592899862,0.5091489004532482,0.2484569318070605,0.341827497444361,0.6146848785897836,9,111
CWB379000410,1034308.74,333938,1034308.74,48.42051282051282,0.15416634225514916,0.6520138791608286,0.6520138791608286,0.6543312543312543,0.44781052846071145,0.4255609649670714,0.6094117277055263,10,41
CWB379000400,1029400.64,333938,1029400.64,45.627906976744185,0.15416634225514916,0.6488994263152603,0.6488994263152603,0.61659333752357,0.44781052846071145,0.4255609649670714,0.5999954726366484,11,40
CWB379000659,1037924.26,301191,1037924.26,40.909677419354836,0.1554727730908294,0.654308120629464,0.654308120629464,0.5528334786399303,0.45444164486952704,0.48317852876127604,0.5969135854687448,12,65-1
CWB379000658,1037626.26,301191,1037626.26,40.271523178807946,0.1554727730908294,0.6541190236371494,0.6541190236371494,0.5442097726865939,0.45444164486952704,0.48317852876127604,0.5950753860826887,13,65-2
CWB379007100,1198389.92,488704,1198389.92,39.028301886792455,0.10596598349921425,0.75613219336698,0.75613219336698,0.5274094849566549,0.20315755401460886,0.15325388712257038,0.5948023571252369,14,710
CWB379000240,1048350.32,297214,1048350.32,39.927536231884055,0.14721042750341504,0.6609240152190335,0.6609240152190335,0.5395613004308656,0.4125040436558502,0.49017596520460066,0.5947346701036383,15,24
CWB379001150,1184811.64,385241,1184811.64,34.52554744525548,0.1030809285616017,0.7475160460219944,0.7475160460219944,0.4665614519629118,0.1885137362060865,0.3352945626910131,0.594202747895489,16,115
CWB379001100,1084869.31,334487,1084869.31,39.76190476190476,0.11573842929620583,0.6840972741833542,0.6840972741833542,0.5373230373230373,0.25276004647640854,0.42459501258905147,0.5856584778811661,17,110
CWB379000650,1036876.26,301191,1036876.26,36.49618320610687,0.1554727730908294,0.6536431083880354,0.6536431083880354,0.49319166494739014,0.45444164486952704,0.48317852876127604,0.5845862153853796,18,65
CWB379000440,1059878.14,327471,1059878.14,35.23893805309734,0.1516256401330194,0.6682390356550881,0.6682390356550881,0.4762018655823965,0.4349145594803139,0.4369394968954044,0.583369200147104,19,44
CWB379000420,1023261.14,333938,1023261.14,39.47692307692308,0.15416634225514916,0.6450035840860133,0.6450035840860133,0.5334719334719334,0.44781052846071145,0.4255609649670714,0.5810336864887728,20,42
CWB379000450,1059059.14,327471,1059059.14,33.2,0.1516256401330194,0.6677193362030557,0.6677193362030557,0.4486486486486487,0.4349145594803139,0.4369394968954044,0.577546737089135,21,45
CWB379000460,1070446.64,317573,1070446.64,30.784946236559136,0.14983956444659968,0.6749453160687694,0.6749453160687694,0.41601278698052885,0.4258488856856215,0.45435479131733736,0.5761901147376632,22,46
CWB379000210,974887.06,315857,974887.06,44.925,0.144673064076465,0.6143076343075348,0.6143076343075348,0.6070945945945946,0.3996250210577528,0.4573740523021865,0.5757034068394338,23,21
CWB379000710,977609.98,217057,977609.98,33.484848484848484,0.16917676002156115,0.6160354731743579,0.6160354731743579,0.4524979524979525,0.5239996575256303,0.6312102908238043,0.5756418692391487,24,71
CWB379001080,1176975.46,375738,1176975.46,20.075630252100844,0.1250765160830153,0.742543569279592,0.742543569279592,0.27129230070406546,0.30015784116082017,0.3520148640540793,0.5650018722300582,25,108
CWB379001050,1181710.2,575806,1181710.2,32.48051948051948,0.12128043125636065,0.7455480159017117,0.7455480159017117,0.43892593892593895,0.2808898633270157,0.0,0.5632029836589163,26,105
CWB379001010,1155985.46,433213,1155985.46,26.268456375838923,0.12234397398046688,0.7292242878410558,0.7292242878410558,0.3549791402140395,0.2862881403859196,0.25088897529871507,0.5622481123159048,27,101
CWB379000200,976954.56,315857,976954.56,39.304,0.144673064076465,0.6156195740109256,0.6156195740109256,0.5311351351351352,0.3996250210577528,0.4573740523021865,0.5612986787695764,28,20
CWB379001640,837120.04,268723,837120.04,52.107438016528924,0.15790609661249688,0.5268870667835498,0.5268870667835498,0.7041545677909314,0.46679258691085185,0.5403051987240279,0.5576729321918042,29,164
CWB379000270,916426.42,275586,916426.42,43.858024691358025,0.1445211295203675,0.577211220908919,0.577211220908919,0.5926760093426761,0.39885383922363793,0.5282299142607297,0.5575703097623232,30,27
CWB379001630,860274.04,252539,860274.04,45.848,0.1613810144175751,0.5415795223541962,0.5415795223541962,0.6195675675675676,0.4844304012116309,0.568780559900484,0.5541823230372427,31,163
CWB379000230,948501.64,315857,948501.64,39.304,0.144673064076465,0.5975646693311659,0.5975646693311659,0.5311351351351352,0.3996250210577528,0.4573740523021865,0.5504657359617204,32,23
CWB379060000,1102431.13,523475,1102431.13,29.844155844155843,0.11458235827880987,0.695241191436947,0.695241191436947,0.4032994032994033,0.24689211892613847,0.09207514370521033,0.5317013217851837,33,BRT급행(6000)
CWB379007300,997865.98,404199,997865.98,32.14035087719298,0.1314971090972516,0.628888992222428,0.628888992222428,0.43432906590801323,0.3327471666178089,0.3019384148176039,0.5276677666586007,34,730
CWB379030020,704674.92,282382,704674.92,61.3921568627451,0.13879779872654774,0.4428435304119109,0.4428435304119109,0.8296237413884473,0.36980364253242415,0.5162725146960241,0.5202384822476808,35,3002
CWB379002639,810116.64,233471,810116.64,37.74452554744526,0.16460716748546927,0.5097519603329843,0.5097519603329843,0.5100611560465576,0.5008055478796325,0.6023302501447169,0.518176987211537,36,263-1
CWB379002630,809918.64,233471,809918.64,36.054263565891475,0.16460716748546927,0.5096263187072182,0.5096263187072182,0.48721977791745236,0.5008055478796325,0.6023302501447169,0.5135333266102563,37,263
CWB379002589,739549.98,208693,739549.98,42.416666666666664,0.16460063346638362,0.4649736275689302,0.4649736275689302,0.5731981981981982,0.5007723828317853,0.6459265489107964,0.508293709355256,38,258-9
CWB379003150,573496.96,183329,573496.96,69.46794871794872,0.13005580131894026,0.3596040750630283,0.3596040750630283,0.9387560637560637,0.32543144855766576,0.6905539006705363,0.5051121927118499,39,315
CWB379001140,790564.54,317924,790564.54,48.422077922077925,0.12187818472339301,0.4973451036100494,0.4973451036100494,0.6543524043524044,0.2839239105305945,0.45373721520680005,0.50304365561025,40,114
CWB379000500,774128.42,227336,774128.42,35.84,0.15964915367561672,0.48691550341769335,0.48691550341769335,0.4843243243243244,0.4756399089252144,0.6131246360083822,0.49789062140884055,41,50
CWB379000730,678006.0,219287,678006.0,45.05384615384615,0.17154687692384865,0.4259206694713769,0.4259206694713769,0.6088357588357588,0.5360297785640598,0.6272866591243791,0.4936511972188218,42,73
CWB379002580,707075.98,213956,707075.98,42.11864406779661,0.16295406532184187,0.44436713183596094,0.44436713183596094,0.5691708657810353,0.4924148144528831,0.6366664262049332,0.4933625763235652,43,258
CWB379000220,755116.46,289846,755116.46,44.88461538461539,0.1374074508532117,0.4748513945116336,0.4748513945116336,0.6065488565488566,0.3627465842136499,0.5031397850975894,0.4928092449478754,44,22
CWB379001550,872326.81,427786,872326.81,44.981308411214954,0.09177953462712665,0.5492276517369472,0.5492276517369472,0.6078555190704723,0.13115068512472877,0.26043765208471525,0.4902665285772072,45,155
CWB379002620,772895.9,219234,772895.9,30.848214285714285,0.16347829260060026,0.4861334033339094,0.4861334033339094,0.4168677606177606,0.49507566110100554,0.6273799113575942,0.48729915136975777,46,262
CWB379003170,486586.54,111141,486586.54,66.84848484848484,0.14775825302993495,0.30445474948316237,0.30445474948316237,0.9033579033579033,0.4152846691117571,0.8175669612616148,0.48662959339881534,47,317
CWB379001600,689921.54,210409,689921.54,40.63636363636363,0.16348635277008114,0.4334817190546135,0.4334817190546135,0.5491400491400491,0.49511657250683183,0.6429072879259472,0.48371942730405587,48,160
CWB379002581,665608.98,208693,665608.98,42.152542372881356,0.16460063346638362,0.4180540949892825,0.4180540949892825,0.5696289509848832,0.5007723828317853,0.6459265489107964,0.47942814036480424,49,258-1
CWB379002590,728225.6,237388,728225.6,35.17,0.1535334557770401,0.4577877007305819,0.4577877007305819,0.4752702702702703,0.44459815487361587,0.5954383822672961,0.47373032820649436,50,259
CWB379002608,747690.1,266446,747690.1,34.76551724137931,0.1502105492294874,0.4701389705524203,0.4701389705524203,0.4698042870456663,0.42773191172423053,0.5443115258000778,0.4732485834930163,51,260-1
CWB379002609,747011.1,266446,747011.1,34.55555555555556,0.1502105492294874,0.4697081086135558,0.4697081086135558,0.466966966966967,0.42773191172423053,0.5443115258000778,0.4724226023139577,52,260-2
CWB379001510,766905.08,392219,766905.08,49.76699029126213,0.09707841792467983,0.48233190654364677,0.48233190654364677,0.6725268958278666,0.15804649240602903,0.3230169384763993,0.4720108661800042,53,151
CWB379000800,566193.94,138114,566193.94,48.99090909090909,0.1603820032726588,0.3549699169529159,0.3549699169529159,0.6620393120393121,0.47935967032047366,0.7701086124595541,0.4703366408576148,54,80
CWB379003050,457153.96,147195,457153.96,68.36428571428571,0.13549373280342403,0.2857781979594734,0.2857781979594734,0.9238416988416989,0.35303302968384875,0.7541308100100114,0.4669516425134098,55,305
CWB379001620,569562.24,162082,569562.24,49.70786516853933,0.15529176589627472,0.35710728406437003,0.35710728406437003,0.6717279076829639,0.4535228975886576,0.7279374893331761,0.4667559906673982,56,162
CWB379000170,723739.24,354904,723739.24,50.47402597402598,0.09195162635529608,0.45494086454789534,0.45494086454789534,0.6820814320814321,0.13202417972644762,0.38867178908808114,0.46145040202647647,57,17
CWB379002600,746243.1,266446,746243.1,29.645161290322584,0.1502105492294874,0.4692207713984631,0.4692207713984631,0.4006102877070619,0.42773191172423053,0.5443115258000778,0.4588588641329211,58,260
CWB379000120,764161.9,396492,764161.9,46.42176870748299,0.0918732282114141,0.4805912116195609,0.4805912116195609,0.6273211987497701,0.13162625034196104,0.31549869710794914,0.4585314614666816,59,12
CWB379001070,737707.32,312967,737707.32,40.12903225806452,0.1156447804401103,0.46380436091168703,0.46380436091168703,0.5422842197035745,0.25228470828829963,0.46245893822655365,0.45821382513921244,60,107
CWB379003070,422840.02,119228,422840.02,65.015625,0.151491260442178,0.26400416155523115,0.26400416155523115,0.878589527027027,0.4342324817547939,0.8033380780538787,0.4578774583194114,61,307
CWB379000550,576403.6,157099,576403.6,46.30882352941177,0.14688826790749782,0.36144849412927443,0.36144849412927443,0.6257949125596185,0.41086884206354257,0.7367049587314881,0.4567854590689915,62,55
CWB379000770,476443.38,170698,476443.38,53.62857142857143,0.18724296711150687,0.2980183701255586,0.2980183701255586,0.7247104247104248,0.6156992094707755,0.7127778432693881,0.4566008122914365,63,77
CWB379000640,544346.0,194957,544346.0,48.45180722891566,0.1699759434131629,0.34110622654261324,0.34110622654261324,0.6547541517421035,0.5280561126834298,0.6700947125983767,0.45542964880216935,64,64
CWB379000130,739093.48,396492,739093.48,48.037267080745345,0.0918732282114141,0.46468395382063615,0.46468395382063615,0.6491522578479101,0.13162625034196104,0.31549869710794914,0.4533533186069548,65,13
CWB379030060,687462.0,435160,687462.0,57.6822429906542,0.09000827281919294,0.4319210089322058,0.4319210089322058,0.7794897701439757,0.12216020287483459,0.2474632753351362,0.45201290720911574,66,3006
CWB379002500,626926.92,218891,626926.92,40.18881118881119,0.1479594866851538,0.3935082520277607,0.3935082520277607,0.5430920430920431,0.4163060808518075,0.6279834116593443,0.4491523090861802,67,250
CWB379000760,493587.0,197735,493587.0,51.05147058823529,0.1733835689179963,0.3088969170362455,0.3088969170362455,0.6898847376788553,0.5453523680863678,0.66520688799703,0.44437102336585815,68,76
CWB379000750,499755.0,197735,499755.0,49.823076923076925,0.1733835689179963,0.3128108440449588,0.3128108440449588,0.6732848232848233,0.5453523680863678,0.66520688799703,0.44339939669227973,69,75
CWB379000110,710357.4,396492,710357.4,48.34756097560975,0.0918732282114141,0.4464493689249577,0.4464493689249577,0.6533454185893209,0.13162625034196104,0.31549869710794914,0.4432511998178299,70,11
CWB379000140,711185.4,396492,711185.4,48.037267080745345,0.0918732282114141,0.44697477935997953,0.44697477935997953,0.6491522578479101,0.13162625034196104,0.31549869710794914,0.4427278139305608,71,14
CWB379000620,527872.0,183765,527872.0,44.72868217054263,0.16845427584142791,0.3306525894574086,0.3306525894574086,0.6044416509532788,0.5203325083959968,0.6897867690916353,0.44029181161386416,72,62
CWB379001560,583133.58,254867,583133.58,55.29523809523809,0.09248353062577737,0.3657190276069171,0.3657190276069171,0.7472329472329472,0.13472399286586348,0.5646844995434159,0.43881885525166764,73,156
CWB379002540,528318.44,205117,528318.44,46.666666666666664,0.15679831510796277,0.3309358795958278,0.3309358795958278,0.6306306306306306,0.46116976485898736,0.6522184354386638,0.436026473913388,74,254
CWB379000510,522959.98,200299,522959.98,44.23893805309734,0.16960643837462994,0.32753564916147154,0.32753564916147154,0.5978234872040181,0.5261805974573365,0.6606955912807403,0.4347737058114942,75,51
CWB379002570,528945.54,169445,528945.54,42.608333333333334,0.1569358788987577,0.33133380819945374,0.33133380819945374,0.5757882882882883,0.4618680042800771,0.7149824668206795,0.43164298968740555,76,257
CWB379000610,525234.02,189028,525234.02,42.60144927536232,0.16648327231944474,0.32897864957893175,0.32897864957893175,0.5756952604778692,0.5103281871265507,0.6805266463857722,0.4316117251941652,77,61
CWB379007200,814410.96,472512,814410.96,29.113207547169814,0.11949537789516457,0.512476936829751,0.512476936829751,0.3934217236104029,0.2718293785996513,0.18174332410781366,0.4315277770906777,78,720
CWB379000611,525144.02,189028,525144.02,42.27205882352941,0.16648327231944474,0.3289215397490381,0.3289215397490381,0.5712440381558028,0.5103281871265507,0.6805266463857722,0.43068721483181577,79,61-1
CWB379000100,712382.4,396492,712382.4,43.152,0.0918732282114141,0.4477343400975654,0.4477343400975654,0.5831351351351352,0.13162625034196104,0.31549869710794914,0.42998012583055734,80,10
CWB379003250,363708.78,147195,363708.78,67.64423076923077,0.13549373280342403,0.22648221646854083,0.22648221646854083,0.9141112266112267,0.35303302968384875,0.7541308100100114,0.4294279591727558,81,325
CWB379001060,822427.64,412849,822427.64,23.746268656716417,0.11720992420957783,0.5175639505087737,0.5175639505087737,0.3208955223880597,0.26022898688952206,0.28671894656647035,0.4294122681284754,82,106
CWB379002120,737043.22,350752,737043.22,35.168067226890756,0.09834013776115318,0.46338295382243827,0.46338295382243827,0.47524415171473994,0.16445066695738225,0.3959771338486252,0.4291213827170116,83,212
CWB379001160,660565.52,397086,660565.52,48.110344827586204,0.09809965599391568,0.41485374895955407,0.41485374895955407,0.6501397949673812,0.16323004160991086,0.31445356830550136,0.42670856936074986,84,116
CWB379000310,591083.58,329787,591083.58,52.96685082872928,0.09826645683425969,0.37076372924752515,0.37076372924752515,0.7157682544422875,0.16407668098736666,0.4328645502515171,0.425306011560861,85,31
CWB379030030,579453.22,182398,579453.22,31.84444444444444,0.16651498371692672,0.3633836416786117,0.3633836416786117,0.4303303303303303,0.5104891462546165,0.6921919729181439,0.4243643629905091,86,3003
CWB379003030,302770.25,97173,302770.25,66.325,0.1601267841890237,0.18781344888775559,0.18781344888775559,0.8962837837837838,0.4780642420382299,0.8421433234040232,0.42396558263363543,87,303
CWB379002530,558011.86,213956,558011.86,37.40659340659341,0.16295406532184187,0.349777948097622,0.349777948097622,0.5054945054945055,0.4924148144528831,0.6366664262049332,0.4238737940232559,88,253
CWB379003060,299059.49,97173,299059.49,66.5609756097561,0.1601267841890237,0.1854587725280194,0.1854587725280194,0.8994726433750824,0.4780642420382299,0.8421433234040232,0.42319054873605344,89,306
CWB379000720,492934.5,194192,492934.5,43.62162162162162,0.16916762791464118,0.30848287076951636,0.30848287076951636,0.589481373265157,0.5239533052332699,0.6714407118136504,0.4225253988194333,90,72
CWB379000540,507892.6,194006,507892.6,41.120879120879124,0.16826283723183819,0.3179745879532118,0.3179745879532118,0.5556875556875557,0.5193608138595077,0.6717679743679522,0.42103514273218423,91,54
CWB379000600,524706.0,183765,524706.0,36.26373626373626,0.16845427584142791,0.3286435925524822,0.3286435925524822,0.49005049005049006,0.5203325083959968,0.6897867690916353,0.4162081812903506,92,60
CWB379003010,280324.98,83094,280324.98,63.30909090909091,0.1704455195320962,0.1735707205364486,0.1735707205364486,0.8555282555282556,0.530439563703112,0.8669149873933537,0.41498353853716685,93,301
CWB379000740,491281.5,194192,491281.5,40.795918367346935,0.16916762791464118,0.30743395356046915,0.30743395356046915,0.551296194153337,0.5239533052332699,0.6714407118136504,0.41425901267164095,94,74
CWB379003021,276939.0,83094,276939.0,63.32142857142857,0.1704455195320962,0.17142213451618873,0.17142213451618873,0.8556949806949806,0.530439563703112,0.8669149873933537,0.4137277319583559,95,302-1
CWB379003022,277649.0,83094,277649.0,63.169230769230765,0.1704455195320962,0.17187266761868328,0.17187266761868328,0.8536382536382536,0.530439563703112,0.8669149873933537,0.41358670640850725,96,302-2
CWB379003020,276449.5,83094,276449.5,63.239999999999995,0.1704455195320962,0.17111152049693368,0.17111152049693368,0.8545945945945945,0.530439563703112,0.8669149873933537,0.4133212863267257,97,302
CWB379000300,606378.48,367628,606378.48,49.33116883116883,0.09431000903086816,0.3804691641057561,0.3804691641057561,0.6666374166374166,0.14399474076277646,0.36628421521207843,0.41263687738842236,98,30
CWB379000700,621077.1,266154,621077.1,30.76288659793814,0.14694124454263321,0.38979622730433144,0.38979622730433144,0.41571468375592086,0.4111377382231676,0.5448252928208097,0.4126169762381807,99,70
CWB379000320,583156.48,329787,583156.48,48.16546762589928,0.09826645683425969,0.36573355888585674,0.36573355888585674,0.6508846976472876,0.16407668098736666,0.4328645502515171,0.40931119798486,100,32
CWB379002510,475866.34,200299,475866.34,40.48913043478261,0.16960643837462994,0.297652207278427,0.297652207278427,0.5471504112808461,0.5261805974573365,0.6606955912807403,0.4067090254970331,101,251
CWB379000340,616622.98,323320,616622.98,41.686868686868685,0.09457503402202153,0.38696984913182014,0.38696984913182014,0.5633360633360633,0.14533994138081627,0.44424308217985015,0.4038074245023714,102,34
CWB379000350,616622.98,323320,616622.98,41.686868686868685,0.09457503402202153,0.38696984913182014,0.38696984913182014,0.5633360633360633,0.14533994138081627,0.44424308217985015,0.4038074245023714,103,35
CWB379000751,20799.5,17733,20799.5,73.7764705882353,0.2629560706028309,0.008887875915619693,0.008887875915619693,0.9969793322734499,1.0,0.9819161046606762,0.4029202024701294,104,75-1
CWB379000530,526965.6,235922,526965.6,36.01162790697674,0.15783182577292496,0.3300774300150127,0.3300774300150127,0.48664362036455056,0.46641560669151594,0.598017774227546,0.40181852017382397,105,53
CWB379000771,17770.0,17733,17770.0,73.57534246575342,0.2629560706028309,0.0069654955860320115,0.0069654955860320115,0.9942613846723436,1.0,0.9819161046606762,0.40122318475215557,106,77-1
CWB379000759,18788.0,17733,18788.0,73.14285714285714,0.2629560706028309,0.007611471217496035,0.007611471217496035,0.9884169884169883,1.0,0.9819161046606762,0.40044189087996296,107,75-2
CWB379000731,32391.0,17733,32391.0,70.28571428571429,0.2629560706028309,0.016243304729092415,0.016243304729092415,0.9498069498069499,1.0,0.9819161046606762,0.3978989832649131,108,73-1
CWB379000490,505411.56,326993,505411.56,44.11797752808989,0.15196961402843487,0.31640023492699626,0.31640023492699626,0.5961888855147283,0.4366604850048795,0.43778052647043814,0.3965220192066752,109,49
CWB379000780,487689.5,191194,487689.5,34.226190476190474,0.16633890184838437,0.30515463679404603,0.30515463679404603,0.46251608751608747,0.5095953986976108,0.6767156211566444,0.3942271015650706,110,78
CWB379003090,191570.5,66757,191570.5,64.29787234042553,0.18041553694743623,0.11725123992420788,0.11725123992420788,0.8688901667625071,0.5810448803210521,0.8956595484128645,0.3917992201804178,111,309
CWB379009900,137817.0,31962,137817.0,61.64285714285714,0.1996120392966648,0.08314175946654444,0.08314175946654444,0.833011583011583,0.678481528510358,0.9568805192565861,0.3800235770589377,112,990
CWB379002720,460560.54,94422,460560.54,24.977272727272727,0.17076528775073604,0.2879398557852422,0.2879398557852422,0.33753071253071254,0.5320626272620308,0.8469836421507132,0.37817468291856227,113,272
CWB379000721,35439.5,14190,35439.5,67.2063492063492,0.22762508809020437,0.018177741578324316,0.018177741578324316,0.9081939081939081,0.8206687629528692,0.9881499284772965,0.3734272957287928,114,72-1
CWB379001500,407319.88,216352,407319.88,49.86440677966102,0.09637072918207366,0.2541557998293863,0.2541557998293863,0.673843334860284,0.154454441219495,0.6324507214731742,0.36595266313895547,115,150
CWB379000741,24640.5,14190,24640.5,65.31914893617021,0.22762508809020437,0.011325196544748686,0.011325196544748686,0.8826912018401379,0.8206687629528692,0.9881499284772965,0.36421522743789336,116,74-1
CWB379000030,7134.0,24644,7134.0,69.2,0.21076124005843208,0.00021638279993048336,0.00021638279993048336,0.9351351351351351,0.7350720850843225,0.9697563653446549,0.3576397017498831,117,3
CWB379030000,359158.4,210399,359158.4,52.42682926829268,0.10001473391033228,0.22359475616018987,0.22359475616018987,0.7084706657877389,0.17295049848285218,0.6429248826869312,0.35743852497064005,118,3000
CWB379002400,218422.66,57087,218422.66,58.0,0.12214689859337502,0.13429037647840533,0.13429037647840533,0.7837837837837838,0.2852878349756159,0.912673682284363,0.35712713436979787,119,240
CWB379030010,484123.5,321392,484123.5,44.71875,0.08517635784338129,0.3028918184229255,0.3028918184229255,0.6043074324324325,0.09763461008643175,0.44763535209755945,0.3571235737586409,120,3001
CWB379002710,83177.12,34176,83177.12,54.35,0.22890332397003746,0.04846982333086813,0.04846982333086813,0.7344594594594595,0.8271567688125017,0.9529850391747353,0.35398796668913646,121,271
CWB379007400,513043.84,379614,513043.84,37.292682926829265,0.1153987998335151,0.3212433261770063,0.3212433261770063,0.503955174686882,0.25103617220656016,0.3451951346966927,0.35316016133390543,122,740
CWB379000370,25345.5,24644,25345.5,64.94736842105263,0.21076124005843208,0.011772556878915813,0.011772556878915813,0.8776671408250355,0.7350720850843225,0.9697563653446549,0.35307980733525435,123,37
CWB379003510,32242.0,7455,32242.0,74.0,0.14996646545942321,0.016148756232935105,0.016148756232935105,1.0,0.4264930035106507,1.0,0.35233855409082615,124,351
CWB379000360,212356.6,135807,212356.6,60.90066225165563,0.12547217742826217,0.13044113587035164,0.13044113587035164,0.8229819223196707,0.3021661192626107,0.7741677238185558,0.3504944502942618,125,36
CWB379000010,212968.1,135807,212968.1,60.019230769230774,0.12547217742826217,0.1308291654367959,0.1308291654367959,0.8110706860706861,0.3021661192626107,0.7741677238185558,0.34834502078433144,126,1
CWB379002130,539868.29,312928,539868.29,32.63934426229508,0.0844954749974435,0.3382648792491332,0.3382648792491332,0.44107221976074434,0.09417861893185354,0.46252755779439114,0.3468439891742532,127,213
CWB379002140,490365.3,275148,490365.3,36.27777777777778,0.08881038568334133,0.30685257549215156,0.30685257549215156,0.49024024024024027,0.11608002715828493,0.5290005647918276,0.34666765253835025,128,214
CWB379001520,343888.0,190185,343888.0,46.75609756097561,0.10654362857217972,0.21390486786676333,0.21390486786676333,0.6318391562294001,0.20608953603554636,0.6784909325399269,0.34316879882348533,129,152
CWB379000020,207831.6,135807,207831.6,57.64285714285714,0.12547217742826217,0.12756978053403073,0.12756978053403073,0.7789575289575289,0.3021661192626107,0.7741677238185558,0.33996675842004087,130,2
CWB379007700,463556.0,293860,463556.0,38.827586206896555,0.0817566187980671,0.2898406359080568,0.2898406359080568,0.5246971109040075,0.08027686937952104,0.496077248038624,0.3364792154674501,131,770
CWB379009990,6793.0,22480,6793.0,60.33333333333333,0.21338967971530248,0.0,0.0,0.8153153153153152,0.7484133878630338,0.973563871621586,0.33526078901152506,132,999
CWB379003529,88349.67,50022,88349.67,73.31884057971014,0.08764143776738235,0.05175208389327406,0.05175208389327406,0.9907951429690559,0.11014673968920104,0.9251043809195374,0.33273539099064947,133,352-1
CWB379002160,380062.0,272451,380062.0,48.59803921568628,0.0774267666479477,0.23685921216202813,0.23685921216202813,0.6567302596714362,0.058299622014984974,0.5337458718292042,0.3326661286159231,134,216
CWB379005409,281472.94,93609,281472.94,31.142857142857146,0.17600871711053423,0.1742991627622791,0.1742991627622791,0.4208494208494209,0.5586769642147552,0.8484140962187099,0.32945848787059817,135,540-1
CWB379000330,106177.95,62485,106177.95,62.70161290322581,0.11935664559494279,0.06306508431657212,0.06306508431657212,0.8473190932868352,0.2711252081167536,0.9031760303052163,0.3247329930895073,136,33
CWB379009980,29526.0,14930,29526.0,60.0,0.1738111185532485,0.014425308477477063,0.014425308477477063,0.8108108108108109,0.5475225031784622,0.9868479161644829,0.3242543891829429,137,998
CWB379002560,262162.04,117431,262162.04,43.90243902439025,0.11931261762226329,0.16204536038345924,0.16204536038345924,0.5932762030323007,0.27090173313123717,0.806499856602698,0.3236226158099292,138,256
CWB379003500,38525.5,14079,38525.5,72.0,0.09922579728673911,0.020135974190011917,0.020135974190011917,0.972972972972973,0.16894605335851443,0.9883452303242186,0.32240530747687507,139,350
CWB379003520,59538.67,50022,59538.67,73.17543859649123,0.08764143776738235,0.03346995823697741,0.03346995823697741,0.9888572783309626,0.11014673968920104,0.9251043809195374,0.3213785426692528,140,352
CWB379005400,228079.0,87137,228079.0,36.827586206896555,0.16583081813695674,0.14041784242057753,0.14041784242057753,0.4976700838769805,0.5070164927625367,0.8598014255275349,0.32046651405674975,141,540
CWB379002770,387450.27,171990,387450.27,20.586206896551722,0.16172451886737602,0.24154746597212315,0.24154746597212315,0.27819198508853676,0.4861739439475844,0.7105046001502593,0.3202347310107656,142,277
CWB379002200,353428.5,171504,353428.5,37.40816326530612,0.09326313088907548,0.2199588271123257,0.2199588271123257,0.5055157198014341,0.13868104895875746,0.7113597055340801,0.318082515676966,143,220
CWB379002730,148131.6,60636,148131.6,35.7,0.20961145194274028,0.089686926704559,0.089686926704559,0.48243243243243245,0.7292360479728323,0.9064293016111523,0.3138651774676204,144,273
CWB379000150,163541.52,117726,163541.52,58.4959349593496,0.09559485585172349,0.09946534792539403,0.09946534792539403,0.7904856075587784,0.15051630210678144,0.8059808111536709,0.31342604159303733,145,15
CWB379003530,48742.78,56646,48742.78,72.82222222222222,0.08231825724676059,0.026619386665301444,0.026619386665301444,0.9840840840840841,0.08312760577615082,0.913449611243756,0.3124461705179884,146,353
CWB379000190,187867.34,117726,187867.34,54.625,0.09559485585172349,0.11490138617232938,0.11490138617232938,0.7381756756756757,0.15051630210678144,0.8059808111536709,0.312225678164578,147,19
CWB379002150,416910.4,334577,416910.4,35.25,0.09311458946669975,0.26024149944929625,0.26024149944929625,0.47635135135135137,0.13792708982337648,0.42443665974019573,0.3076515448962053,148,215
CWB379000070,218392.1,129340,218392.1,44.75675675675676,0.11760476264110098,0.1342709845183881,0.1342709845183881,0.6048210372534697,0.2622330880869198,0.7855462557468889,0.3063047325451077,149,7
CWB379003531,19691.39,56646,19691.39,72.66666666666667,0.08231825724676059,0.00818472065335879,0.00818472065335879,0.981981981981982,0.08312760577615082,0.913449611243756,0.3009649504904024,150,353-1
CWB379002640,79912.0,23713,79912.0,46.21739130434783,0.14995993758697762,0.046397929466618804,0.046397929466618804,0.6245593419506463,0.42645986966161226,0.9713944375922625,0.29253605679548805,151,264
CWB379002700,62766.0,32816,62766.0,37.72222222222222,0.19892735251097027,0.03551787231820805,0.03551787231820805,0.5097597597597597,0.675006229508284,0.9553779266685551,0.2863010909605607,152,270
CWB379002230,258169.0,159293,258169.0,34.70454545454545,0.09009812107248906,0.15951156221502988,0.15951156221502988,0.46898034398034394,0.12261625015300918,0.7328446681716052,0.27504909795754817,153,223
CWB379002240,318790.81,111163,318790.81,19.714285714285715,0.10656423450248734,0.19797935395888258,0.19797935395888258,0.26640926640926643,0.2061941265877975,0.81752825278745,0.2744417035947076,154,224
CWB379030040,164408.0,175205,164408.0,38.93877551020408,0.10951171484832053,0.10001517598546374,0.10001517598546374,0.5261996690568119,0.22115480016661665,0.7048478844939131,0.2578493078686936,155,3004
CWB379002210,241273.64,229739,241273.64,34.875,0.08300288588354611,0.14879054959733637,0.14879054959733637,0.47128378378378377,0.08660260962889567,0.6088966149439343,0.2530810089724416,156,221
CWB379030059,170347.0,193224,170347.0,37.294117647058826,0.10431416387198278,0.10378379020478087,0.10378379020478087,0.5039745627980923,0.19477333042206407,0.6731438846768986,0.24985690819238326,157,3005-9
CWB379000080,124074.6,97902,124074.6,33.48717948717949,0.12373598087883803,0.0744214691739794,0.0744214691739794,0.45252945252945254,0.293353619501136,0.8408606653282918,0.24858020049322094,158,8
CWB379030050,170347.0,193224,170347.0,36.16326530612245,0.10431416387198278,0.10378379020478087,0.10378379020478087,0.4886927744070601,0.19477333042206407,0.6731438846768986,0.24680055051417682,159,3005
CWB379005111,90304.5,139646,90304.5,47.96969696969697,0.0826017214957822,0.052992528435174664,0.052992528435174664,0.6482391482391482,0.0845663994586507,0.7674130950768099,0.2466412961624805,160,511-1
CWB379005110,90790.5,139646,90790.5,46.94285714285714,0.0826017214957822,0.05330092151660052,0.05330092151660052,0.6343629343629343,0.0845663994586507,0.7674130950768099,0.24405108923609323,161,511
CWB379005109,75199.0,77096,75199.0,46.21212121212121,0.07416727197260559,0.043407278041186645,0.043407278041186645,0.6244881244881245,0.04175524168056489,0.8774683250315386,0.24286434839354726,162,510-1
CWB379005100,74790.0,77096,74790.0,46.21212121212121,0.07416727197260559,0.043147745592003156,0.043147745592003156,0.6244881244881245,0.04175524168056489,0.8774683250315386,0.24270862892403716,163,510
CWB379002220,129167.88,167705,129167.88,38.30434782608695,0.09222146030231657,0.07765342866732232,0.07765342866732232,0.517626321974148,0.1333937894025782,0.7180439552318901,0.23526109605866985,164,222
CWB379002250,88814.66,64755,88814.66,41.5625,0.06594085398810903,0.052047145002188065,0.052047145002188065,0.5616554054054054,0.0,0.8991820195618553,0.23347757003857944,165,225
CWB379005309,70955.53,26377,70955.53,0.0,0.07734010691132426,0.04071456859830978,0.04071456859830978,0.0,0.05785975885054263,0.9667071932661331,0.12688543637065344,166,530-1
CWB379005300,58046.62,73418,58046.62,0.7741935483871032,0.09753738865128443,0.032523172440390095,0.032523172440390095,0.010462074978204098,0.16037611310483094,0.8839396781214426,0.12603789758250222,167,530
