정류장명,시군구,읍면동,동내동명N,카카오맵,네이버맵,ARS,stop_id,lat,lon
창포,(미상),(미상),2,"https://map.kakao.com/link/map/%EC%B0%BD%ED%8F%AC,35.0870437,128.4638131",https://map.naver.com/p?lng=128.4638131&lat=35.0870437&zoom=18,323120,CWB379001886,35.087044,128.463813
창포,(미상),(미상),2,"https://map.kakao.com/link/map/%EC%B0%BD%ED%8F%AC,35.0871957,128.4637094",https://map.naver.com/p?lng=128.4637094&lat=35.0871957&zoom=18,323119,CWB379001885,35.087196,128.463709
창포마을,(미상),(미상),1,"https://map.kakao.com/link/map/%EC%B0%BD%ED%8F%AC%EB%A7%88%EC%9D%84,35.0900404,128.46036",https://map.naver.com/p?lng=128.46036&lat=35.0900404&zoom=18,323122,CWB379001878,35.09004,128.46036
풍전가든,(미상),(미상),2,"https://map.kakao.com/link/map/%ED%92%8D%EC%A0%84%EA%B0%80%EB%93%A0,35.0614947,128.4338667",https://map.naver.com/p?lng=128.4338667&lat=35.0614947&zoom=18,323127,CWB379005797,35.061495,128.433867
풍전가든,(미상),(미상),2,"https://map.kakao.com/link/map/%ED%92%8D%EC%A0%84%EA%B0%80%EB%93%A0,35.0613426,128.4339627",https://map.naver.com/p?lng=128.4339627&lat=35.0613426&zoom=18,323128,CWB379005798,35.061343,128.433963
육호광장,창원시마산합포구,교방동,1,"https://map.kakao.com/link/map/%EC%9C%A1%ED%98%B8%EA%B4%91%EC%9E%A5,35.2135274,128.5760412",https://map.naver.com/p?lng=128.5760412&lat=35.2135274&zoom=18,300125,CWB379001048,35.213527,128.576041
경남대학교,창원시마산합포구,문화동,1,"https://map.kakao.com/link/map/%EA%B2%BD%EB%82%A8%EB%8C%80%ED%95%99%EA%B5%90,35.1824239,128.5593582",https://map.naver.com/p?lng=128.5593582&lat=35.1824239&zoom=18,300104,CWB379001397,35.182424,128.559358
대내주공아파트,창원시마산합포구,문화동,1,"https://map.kakao.com/link/map/%EB%8C%80%EB%82%B4%EC%A3%BC%EA%B3%B5%EC%95%84%ED%8C%8C%ED%8A%B8,35.1812538,128.55854",https://map.naver.com/p?lng=128.55854&lat=35.1812538&zoom=18,300103,CWB379001396,35.181254,128.55854
문화동,창원시마산합포구,문화동,2,"https://map.kakao.com/link/map/%EB%AC%B8%ED%99%94%EB%8F%99,35.1842462,128.5602673",https://map.naver.com/p?lng=128.5602673&lat=35.1842462&zoom=18,300106,CWB379001394,35.184246,128.560267
문화동,창원시마산합포구,문화동,2,"https://map.kakao.com/link/map/%EB%AC%B8%ED%99%94%EB%8F%99,35.1845804,128.5602312",https://map.naver.com/p?lng=128.5602312&lat=35.1845804&zoom=18,300105,CWB379001392,35.18458,128.560231
연세병원,창원시마산합포구,문화동,1,"https://map.kakao.com/link/map/%EC%97%B0%EC%84%B8%EB%B3%91%EC%9B%90,35.1871762,128.5615655",https://map.naver.com/p?lng=128.5615655&lat=35.1871762&zoom=18,300107,CWB379001376,35.187176,128.561566
제일여고입구,창원시마산합포구,문화동,1,"https://map.kakao.com/link/map/%EC%A0%9C%EC%9D%BC%EC%97%AC%EA%B3%A0%EC%9E%85%EA%B5%AC,35.1876024,128.5620272",https://map.naver.com/p?lng=128.5620272&lat=35.1876024&zoom=18,300110,CWB379001371,35.187602,128.562027
경동메르빌APT,창원시마산합포구,반월중앙동,2,"https://map.kakao.com/link/map/%EA%B2%BD%EB%8F%99%EB%A9%94%EB%A5%B4%EB%B9%8CAPT,35.1947319,128.5667974",https://map.naver.com/p?lng=128.5667974&lat=35.1947319&zoom=18,300116,CWB379001312,35.194732,128.566797
경동메르빌APT,창원시마산합포구,반월중앙동,2,"https://map.kakao.com/link/map/%EA%B2%BD%EB%8F%99%EB%A9%94%EB%A5%B4%EB%B9%8CAPT,35.1947444,128.5665542",https://map.naver.com/p?lng=128.5665542&lat=35.1947444&zoom=18,300113,CWB379001313,35.194744,128.566554
마산합포구청.의료원,창원시마산합포구,반월중앙동,1,"https://map.kakao.com/link/map/%EB%A7%88%EC%82%B0%ED%95%A9%ED%8F%AC%EA%B5%AC%EC%B2%AD.%EC%9D%98%EB%A3%8C%EC%9B%90,35.1983948,128.5673296",https://map.naver.com/p?lng=128.5673296&lat=35.1983948&zoom=18,300118,CWB379001280,35.198395,128.56733
반월민원센터,창원시마산합포구,반월중앙동,2,"https://map.kakao.com/link/map/%EB%B0%98%EC%9B%94%EB%AF%BC%EC%9B%90%EC%84%BC%ED%84%B0,35.1904196,128.5630911",https://map.naver.com/p?lng=128.5630911&lat=35.1904196&zoom=18,300109,CWB379001344,35.19042,128.563091
반월민원센터,창원시마산합포구,반월중앙동,2,"https://map.kakao.com/link/map/%EB%B0%98%EC%9B%94%EB%AF%BC%EC%9B%90%EC%84%BC%ED%84%B0,35.1903211,128.5627258",https://map.naver.com/p?lng=128.5627258&lat=35.1903211&zoom=18,300112,CWB379001347,35.190321,128.562726
중부경찰서,창원시마산합포구,반월중앙동,2,"https://map.kakao.com/link/map/%EC%A4%91%EB%B6%80%EA%B2%BD%EC%B0%B0%EC%84%9C,35.192561,128.5650385",https://map.naver.com/p?lng=128.5650385&lat=35.192561&zoom=18,300114,CWB379001331,35.192561,128.565039
중부경찰서,창원시마산합포구,반월중앙동,2,"https://map.kakao.com/link/map/%EC%A4%91%EB%B6%80%EA%B2%BD%EC%B0%B0%EC%84%9C,35.1929213,128.5650943",https://map.naver.com/p?lng=128.5650943&lat=35.1929213&zoom=18,300111,CWB379001328,35.192921,128.565094
산호동,창원시마산합포구,산호동,2,"https://map.kakao.com/link/map/%EC%82%B0%ED%98%B8%EB%8F%99,35.214486,128.5866928",https://map.naver.com/p?lng=128.5866928&lat=35.214486&zoom=18,321920,CWB379001038,35.214486,128.586693
산호동,창원시마산합포구,산호동,2,"https://map.kakao.com/link/map/%EC%82%B0%ED%98%B8%EB%8F%99,35.2146337,128.5865546",https://map.naver.com/p?lng=128.5865546&lat=35.2146337&zoom=18,321921,CWB379001031,35.214634,128.586555
신세계백화점,창원시마산합포구,산호동,2,"https://map.kakao.com/link/map/%EC%8B%A0%EC%84%B8%EA%B3%84%EB%B0%B1%ED%99%94%EC%A0%90,35.2195955,128.5871657",https://map.naver.com/p?lng=128.5871657&lat=35.2195955&zoom=18,321922,CWB379000955,35.219596,128.587166
신세계백화점,창원시마산합포구,산호동,2,"https://map.kakao.com/link/map/%EC%8B%A0%EC%84%B8%EA%B3%84%EB%B0%B1%ED%99%94%EC%A0%90,35.2188747,128.5870619",https://map.naver.com/p?lng=128.5870619&lat=35.2188747&zoom=18,321923,CWB379000951,35.218875,128.587062
KT마산점,창원시마산합포구,오동동,2,"https://map.kakao.com/link/map/KT%EB%A7%88%EC%82%B0%EC%A0%90,35.2028382,128.5703212",https://map.naver.com/p?lng=128.5703212&lat=35.2028382&zoom=18,300126,CWB379001228,35.202838,128.570321
KT마산점,창원시마산합포구,오동동,2,"https://map.kakao.com/link/map/KT%EB%A7%88%EC%82%B0%EC%A0%90,35.202993,128.5708221",https://map.naver.com/p?lng=128.5708221&lat=35.202993&zoom=18,300119,CWB379001224,35.202993,128.570822
경남데파트,창원시마산합포구,오동동,1,"https://map.kakao.com/link/map/%EA%B2%BD%EB%82%A8%EB%8D%B0%ED%8C%8C%ED%8A%B8,35.2014125,128.5675512",https://map.naver.com/p?lng=128.5675512&lat=35.2014125&zoom=18,300124,CWB379001245,35.201412,128.567551
삼성생명,창원시마산합포구,오동동,2,"https://map.kakao.com/link/map/%EC%82%BC%EC%84%B1%EC%83%9D%EB%AA%85,35.2088739,128.5761165",https://map.naver.com/p?lng=128.5761165&lat=35.2088739&zoom=18,307401,CWB379001121,35.208874,128.576117
삼성생명,창원시마산합포구,오동동,2,"https://map.kakao.com/link/map/%EC%82%BC%EC%84%B1%EC%83%9D%EB%AA%85,35.2085043,128.5763874",https://map.naver.com/p?lng=128.5763874&lat=35.2085043&zoom=18,307402,CWB379001134,35.208504,128.576387
어시장,창원시마산합포구,오동동,4,"https://map.kakao.com/link/map/%EC%96%B4%EC%8B%9C%EC%9E%A5,35.2037645,128.576147",https://map.naver.com/p?lng=128.576147&lat=35.2037645&zoom=18,321909,CWB379001215,35.203764,128.576147
어시장,창원시마산합포구,오동동,4,"https://map.kakao.com/link/map/%EC%96%B4%EC%8B%9C%EC%9E%A5,35.2034399,128.5753465",https://map.naver.com/p?lng=128.5753465&lat=35.2034399&zoom=18,321907,CWB379001219,35.20344,128.575346
어시장,창원시마산합포구,오동동,4,"https://map.kakao.com/link/map/%EC%96%B4%EC%8B%9C%EC%9E%A5,35.2036171,128.5755969",https://map.naver.com/p?lng=128.5755969&lat=35.2036171&zoom=18,321908,CWB379001217,35.203617,128.575597
어시장,창원시마산합포구,오동동,4,"https://map.kakao.com/link/map/%EC%96%B4%EC%8B%9C%EC%9E%A5,35.203349,128.5755502",https://map.naver.com/p?lng=128.5755502&lat=35.203349&zoom=18,321906,CWB379001221,35.203349,128.57555
오동교,창원시마산합포구,오동동,1,"https://map.kakao.com/link/map/%EC%98%A4%EB%8F%99%EA%B5%90,35.2079377,128.5812524",https://map.naver.com/p?lng=128.5812524&lat=35.2079377&zoom=18,321915,CWB379001139,35.207938,128.581252
오동동,창원시마산합포구,오동동,1,"https://map.kakao.com/link/map/%EC%98%A4%EB%8F%99%EB%8F%99,35.2064862,128.580014",https://map.naver.com/p?lng=128.580014&lat=35.2064862&zoom=18,321914,CWB379001161,35.206486,128.580014
오동동문화광장,창원시마산합포구,오동동,2,"https://map.kakao.com/link/map/%EC%98%A4%EB%8F%99%EB%8F%99%EB%AC%B8%ED%99%94%EA%B4%91%EC%9E%A5,35.2064552,128.5765016",https://map.naver.com/p?lng=128.5765016&lat=35.2064552&zoom=18,307403,CWB379001166,35.206455,128.576502
오동동문화광장,창원시마산합포구,오동동,2,"https://map.kakao.com/link/map/%EC%98%A4%EB%8F%99%EB%8F%99%EB%AC%B8%ED%99%94%EA%B4%91%EC%9E%A5,35.2061769,128.5766894",https://map.naver.com/p?lng=128.5766894&lat=35.2061769&zoom=18,307404,CWB379001175,35.206177,128.576689
오동동아구찜거리,창원시마산합포구,오동동,1,"https://map.kakao.com/link/map/%EC%98%A4%EB%8F%99%EB%8F%99%EC%95%84%EA%B5%AC%EC%B0%9C%EA%B1%B0%EB%A6%AC,35.2058483,128.5789415",https://map.naver.com/p?lng=128.5789415&lat=35.2058483&zoom=18,321911,CWB379001173,35.205848,128.578942
경남데파트,창원시마산합포구,완월동,1,"https://map.kakao.com/link/map/%EA%B2%BD%EB%82%A8%EB%8D%B0%ED%8C%8C%ED%8A%B8,35.2011938,128.5673133",https://map.naver.com/p?lng=128.5673133&lat=35.2011938&zoom=18,300117,CWB379001246,35.201194,128.567313
마산합포구청.의료원,창원시마산합포구,완월동,1,"https://map.kakao.com/link/map/%EB%A7%88%EC%82%B0%ED%95%A9%ED%8F%AC%EA%B5%AC%EC%B2%AD.%EC%9D%98%EB%A3%8C%EC%9B%90,35.1978546,128.5670795",https://map.naver.com/p?lng=128.5670795&lat=35.1978546&zoom=18,300115,CWB379001284,35.197855,128.56708
"경남대,서중학교",창원시마산합포구,월영동,2,"https://map.kakao.com/link/map/%EA%B2%BD%EB%82%A8%EB%8C%80%2C%EC%84%9C%EC%A4%91%ED%95%99%EA%B5%90,35.1791669,128.5584661",https://map.naver.com/p?lng=128.5584661&lat=35.1791669&zoom=18,300636,CWB379001419,35.179167,128.558466
"경남대,서중학교",창원시마산합포구,월영동,2,"https://map.kakao.com/link/map/%EA%B2%BD%EB%82%A8%EB%8C%80%2C%EC%84%9C%EC%A4%91%ED%95%99%EA%B5%90,35.1793434,128.5582462",https://map.naver.com/p?lng=128.5582462&lat=35.1793434&zoom=18,300635,CWB379001418,35.179343,128.558246
경남대학교,창원시마산합포구,월영동,1,"https://map.kakao.com/link/map/%EA%B2%BD%EB%82%A8%EB%8C%80%ED%95%99%EA%B5%90,35.1804654,128.5578252",https://map.naver.com/p?lng=128.5578252&lat=35.1804654&zoom=18,300101,CWB379001401,35.180465,128.557825
월영동,창원시마산합포구,월영동,2,"https://map.kakao.com/link/map/%EC%9B%94%EC%98%81%EB%8F%99,35.1778664,128.5562772",https://map.naver.com/p?lng=128.5562772&lat=35.1778664&zoom=18,306621,CWB379001426,35.177866,128.556277
월영동,창원시마산합포구,월영동,2,"https://map.kakao.com/link/map/%EC%9B%94%EC%98%81%EB%8F%99,35.1775258,128.5564846",https://map.naver.com/p?lng=128.5564846&lat=35.1775258&zoom=18,306620,CWB379001428,35.177526,128.556485
화인아파트,창원시마산합포구,월영동,2,"https://map.kakao.com/link/map/%ED%99%94%EC%9D%B8%EC%95%84%ED%8C%8C%ED%8A%B8,35.1745075,128.5558244",https://map.naver.com/p?lng=128.5558244&lat=35.1745075&zoom=18,306619,CWB379001440,35.174508,128.555824
화인아파트,창원시마산합포구,월영동,2,"https://map.kakao.com/link/map/%ED%99%94%EC%9D%B8%EC%95%84%ED%8C%8C%ED%8A%B8,35.1751874,128.5561658",https://map.naver.com/p?lng=128.5561658&lat=35.1751874&zoom=18,306618,CWB379001436,35.175187,128.556166
동전마을,창원시마산합포구,진동면,2,"https://map.kakao.com/link/map/%EB%8F%99%EC%A0%84%EB%A7%88%EC%9D%84,35.1523739,128.5169495",https://map.naver.com/p?lng=128.5169495&lat=35.1523739&zoom=18,306605,CWB379001562,35.152374,128.51695
동전마을,창원시마산합포구,진동면,2,"https://map.kakao.com/link/map/%EB%8F%99%EC%A0%84%EB%A7%88%EC%9D%84,35.1525913,128.5172446",https://map.naver.com/p?lng=128.5172446&lat=35.1525913&zoom=18,306606,CWB379001560,35.152591,128.517245
묵지마을,창원시마산합포구,진동면,2,"https://map.kakao.com/link/map/%EB%AC%B5%EC%A7%80%EB%A7%88%EC%9D%84,35.1540148,128.5277519",https://map.naver.com/p?lng=128.5277519&lat=35.1540148&zoom=18,306607,CWB379001554,35.154015,128.527752
묵지마을,창원시마산합포구,진동면,2,"https://map.kakao.com/link/map/%EB%AC%B5%EC%A7%80%EB%A7%88%EC%9D%84,35.1535413,128.5245591",https://map.naver.com/p?lng=128.5245591&lat=35.1535413&zoom=18,306608,CWB379001555,35.153541,128.524559
삼진고등학교,창원시마산합포구,진동면,1,"https://map.kakao.com/link/map/%EC%82%BC%EC%A7%84%EA%B3%A0%EB%93%B1%ED%95%99%EA%B5%90,35.1166836,128.4889768",https://map.naver.com/p?lng=128.4889768&lat=35.1166836&zoom=18,308121,CWB379001739,35.116684,128.488977
야촌,창원시마산합포구,진동면,2,"https://map.kakao.com/link/map/%EC%95%BC%EC%B4%8C,35.1193764,128.4935771",https://map.naver.com/p?lng=128.4935771&lat=35.1193764&zoom=18,308123,CWB379001718,35.119376,128.493577
야촌,창원시마산합포구,진동면,2,"https://map.kakao.com/link/map/%EC%95%BC%EC%B4%8C,35.1202692,128.4946137",https://map.naver.com/p?lng=128.4946137&lat=35.1202692&zoom=18,308124,CWB379001712,35.120269,128.494614
오산마을,창원시마산합포구,진동면,1,"https://map.kakao.com/link/map/%EC%98%A4%EC%82%B0%EB%A7%88%EC%9D%84,35.1427063,128.5073517",https://map.naver.com/p?lng=128.5073517&lat=35.1427063&zoom=18,306601,CWB379001614,35.142706,128.507352
입곡마을입구,창원시마산합포구,진동면,1,"https://map.kakao.com/link/map/%EC%9E%85%EA%B3%A1%EB%A7%88%EC%9D%84%EC%9E%85%EA%B5%AC,35.1416251,128.5076239",https://map.naver.com/p?lng=128.5076239&lat=35.1416251&zoom=18,306602,CWB379001617,35.141625,128.507624
진동,창원시마산합포구,진동면,1,"https://map.kakao.com/link/map/%EC%A7%84%EB%8F%99,35.1156779,128.4875238",https://map.naver.com/p?lng=128.4875238&lat=35.1156779&zoom=18,308122,CWB379001758,35.115678,128.487524
진동초등학교,창원시마산합포구,진동면,1,"https://map.kakao.com/link/map/%EC%A7%84%EB%8F%99%EC%B4%88%EB%93%B1%ED%95%99%EA%B5%90,35.1177973,128.4913615",https://map.naver.com/p?lng=128.4913615&lat=35.1177973&zoom=18,308125,CWB379001751,35.117797,128.491362
진동환승센터,창원시마산합포구,진동면,1,"https://map.kakao.com/link/map/%EC%A7%84%EB%8F%99%ED%99%98%EC%8A%B9%EC%84%BC%ED%84%B0,35.1151329,128.485039",https://map.naver.com/p?lng=128.485039&lat=35.1151329&zoom=18,308127,CWB379002356,35.115133,128.485039
창의탑,창원시마산합포구,진동면,2,"https://map.kakao.com/link/map/%EC%B0%BD%EC%9D%98%ED%83%91,35.1145695,128.4789616",https://map.naver.com/p?lng=128.4789616&lat=35.1145695&zoom=18,308120,CWB379001762,35.11457,128.478962
창의탑,창원시마산합포구,진동면,2,"https://map.kakao.com/link/map/%EC%B0%BD%EC%9D%98%ED%83%91,35.1144833,128.4787075",https://map.naver.com/p?lng=128.4787075&lat=35.1144833&zoom=18,308117,CWB379001764,35.114483,128.478708
태봉마을,창원시마산합포구,진동면,1,"https://map.kakao.com/link/map/%ED%83%9C%EB%B4%89%EB%A7%88%EC%9D%84,35.1464009,128.5105696",https://map.naver.com/p?lng=128.5105696&lat=35.1464009&zoom=18,306623,CWB379003217,35.146401,128.51057
태봉병원,창원시마산합포구,진동면,1,"https://map.kakao.com/link/map/%ED%83%9C%EB%B4%89%EB%B3%91%EC%9B%90,35.1458596,128.5111238",https://map.naver.com/p?lng=128.5111238&lat=35.1458596&zoom=18,306604,CWB379001602,35.14586,128.511124
한백자동차학원,창원시마산합포구,진동면,1,"https://map.kakao.com/link/map/%ED%95%9C%EB%B0%B1%EC%9E%90%EB%8F%99%EC%B0%A8%ED%95%99%EC%9B%90,35.1287533,128.5001124",https://map.naver.com/p?lng=128.5001124&lat=35.1287533&zoom=18,308126,CWB379001680,35.128753,128.500112
동촌,창원시마산합포구,진북면,2,"https://map.kakao.com/link/map/%EB%8F%99%EC%B4%8C,35.1154176,128.473522",https://map.naver.com/p?lng=128.473522&lat=35.1154176&zoom=18,308115,CWB379001752,35.115418,128.473522
동촌,창원시마산합포구,진북면,2,"https://map.kakao.com/link/map/%EB%8F%99%EC%B4%8C,35.115215,128.4738996",https://map.naver.com/p?lng=128.4738996&lat=35.115215&zoom=18,308118,CWB379001756,35.115215,128.4739
옥곡마을,창원시마산합포구,진북면,1,"https://map.kakao.com/link/map/%EC%98%A5%EA%B3%A1%EB%A7%88%EC%9D%84,35.1106256,128.4587781",https://map.naver.com/p?lng=128.4587781&lat=35.1106256&zoom=18,308107,CWB379001785,35.110626,128.458778
율티마을,창원시마산합포구,진북면,1,"https://map.kakao.com/link/map/%EC%9C%A8%ED%8B%B0%EB%A7%88%EC%9D%84,35.1110217,128.4601151",https://map.naver.com/p?lng=128.4601151&lat=35.1110217&zoom=18,308112,CWB379001784,35.111022,128.460115
진북면행정복지센터,창원시마산합포구,진북면,2,"https://map.kakao.com/link/map/%EC%A7%84%EB%B6%81%EB%A9%B4%ED%96%89%EC%A0%95%EB%B3%B5%EC%A7%80%EC%84%BC%ED%84%B0,35.1148707,128.4690057",https://map.naver.com/p?lng=128.4690057&lat=35.1148707&zoom=18,308113,CWB379001759,35.114871,128.469006
진북면행정복지센터,창원시마산합포구,진북면,2,"https://map.kakao.com/link/map/%EC%A7%84%EB%B6%81%EB%A9%B4%ED%96%89%EC%A0%95%EB%B3%B5%EC%A7%80%EC%84%BC%ED%84%B0,35.114771,128.4692769",https://map.naver.com/p?lng=128.4692769&lat=35.114771&zoom=18,308116,CWB379001761,35.114771,128.469277
해병전첩비,창원시마산합포구,진북면,2,"https://map.kakao.com/link/map/%ED%95%B4%EB%B3%91%EC%A0%84%EC%B2%A9%EB%B9%84,35.1130056,128.4631827",https://map.naver.com/p?lng=128.4631827&lat=35.1130056&zoom=18,308111,CWB379001775,35.113006,128.463183
해병전첩비,창원시마산합포구,진북면,2,"https://map.kakao.com/link/map/%ED%95%B4%EB%B3%91%EC%A0%84%EC%B2%A9%EB%B9%84,35.1129596,128.4635369",https://map.naver.com/p?lng=128.4635369&lat=35.1129596&zoom=18,308114,CWB379001776,35.11296,128.463537
도산마을,창원시마산합포구,진전면,2,"https://map.kakao.com/link/map/%EB%8F%84%EC%82%B0%EB%A7%88%EC%9D%84,35.1076017,128.4271774",https://map.naver.com/p?lng=128.4271774&lat=35.1076017&zoom=18,320715,CWB379001800,35.107602,128.427177
도산마을,창원시마산합포구,진전면,2,"https://map.kakao.com/link/map/%EB%8F%84%EC%82%B0%EB%A7%88%EC%9D%84,35.1078008,128.426484",https://map.naver.com/p?lng=128.426484&lat=35.1078008&zoom=18,320716,CWB379001799,35.107801,128.426484
동진대교,창원시마산합포구,진전면,4,"https://map.kakao.com/link/map/%EB%8F%99%EC%A7%84%EB%8C%80%EA%B5%90,35.0771728,128.4639756",https://map.naver.com/p?lng=128.4639756&lat=35.0771728&zoom=18,323117,CWB379001898,35.077173,128.463976
동진대교,창원시마산합포구,진전면,4,"https://map.kakao.com/link/map/%EB%8F%99%EC%A7%84%EB%8C%80%EA%B5%90,35.0729334,128.4622828",https://map.naver.com/p?lng=128.4622828&lat=35.0729334&zoom=18,323115,CWB379001912,35.072933,128.462283
동진대교,창원시마산합포구,진전면,4,"https://map.kakao.com/link/map/%EB%8F%99%EC%A7%84%EB%8C%80%EA%B5%90,35.0729721,128.4624858",https://map.naver.com/p?lng=128.4624858&lat=35.0729721&zoom=18,323116,CWB379001913,35.072972,128.462486
동진대교,창원시마산합포구,진전면,4,"https://map.kakao.com/link/map/%EB%8F%99%EC%A7%84%EB%8C%80%EA%B5%90,35.0770772,128.4640974",https://map.naver.com/p?lng=128.4640974&lat=35.0770772&zoom=18,323118,CWB379001897,35.077077,128.464097
막개,창원시마산합포구,진전면,2,"https://map.kakao.com/link/map/%EB%A7%89%EA%B0%9C,35.0671937,128.4359012",https://map.naver.com/p?lng=128.4359012&lat=35.0671937&zoom=18,323105,CWB379002859,35.067194,128.435901
막개,창원시마산합포구,진전면,2,"https://map.kakao.com/link/map/%EB%A7%89%EA%B0%9C,35.0671119,128.4359574",https://map.naver.com/p?lng=128.4359574&lat=35.0671119&zoom=18,323106,CWB379002858,35.067112,128.435957
목화전,창원시마산합포구,진전면,2,"https://map.kakao.com/link/map/%EB%AA%A9%ED%99%94%EC%A0%84,35.0920667,128.4540409",https://map.naver.com/p?lng=128.4540409&lat=35.0920667&zoom=18,323131,CWB379005801,35.092067,128.454041
목화전,창원시마산합포구,진전면,2,"https://map.kakao.com/link/map/%EB%AA%A9%ED%99%94%EC%A0%84,35.0921031,128.4542005",https://map.naver.com/p?lng=128.4542005&lat=35.0921031&zoom=18,323132,CWB379005802,35.092103,128.454201
봉곡마을,창원시마산합포구,진전면,2,"https://map.kakao.com/link/map/%EB%B4%89%EA%B3%A1%EB%A7%88%EC%9D%84,35.1096114,128.4176696",https://map.naver.com/p?lng=128.4176696&lat=35.1096114&zoom=18,320713,CWB379001791,35.109611,128.41767
봉곡마을,창원시마산합포구,진전면,2,"https://map.kakao.com/link/map/%EB%B4%89%EA%B3%A1%EB%A7%88%EC%9D%84,35.1094881,128.4176679",https://map.naver.com/p?lng=128.4176679&lat=35.1094881&zoom=18,320714,CWB379001793,35.109488,128.417668
소포,창원시마산합포구,진전면,2,"https://map.kakao.com/link/map/%EC%86%8C%ED%8F%AC,35.0744063,128.4519604",https://map.naver.com/p?lng=128.4519604&lat=35.0744063&zoom=18,323113,CWB379001906,35.074406,128.45196
소포,창원시마산합포구,진전면,2,"https://map.kakao.com/link/map/%EC%86%8C%ED%8F%AC,35.0742717,128.4518856",https://map.naver.com/p?lng=128.4518856&lat=35.0742717&zoom=18,323114,CWB379001907,35.074272,128.451886
시락,창원시마산합포구,진전면,2,"https://map.kakao.com/link/map/%EC%8B%9C%EB%9D%BD,35.0722504,128.4390807",https://map.naver.com/p?lng=128.4390807&lat=35.0722504&zoom=18,323107,CWB379001921,35.07225,128.439081
시락,창원시마산합포구,진전면,2,"https://map.kakao.com/link/map/%EC%8B%9C%EB%9D%BD,35.0721637,128.4391812",https://map.naver.com/p?lng=128.4391812&lat=35.0721637&zoom=18,323108,CWB379001922,35.072164,128.439181
시락마을,창원시마산합포구,진전면,2,"https://map.kakao.com/link/map/%EC%8B%9C%EB%9D%BD%EB%A7%88%EC%9D%84,35.0722737,128.441177",https://map.naver.com/p?lng=128.441177&lat=35.0722737&zoom=18,323109,CWB379001923,35.072274,128.441177
시락마을,창원시마산합포구,진전면,2,"https://map.kakao.com/link/map/%EC%8B%9C%EB%9D%BD%EB%A7%88%EC%9D%84,35.0721362,128.441253",https://map.naver.com/p?lng=128.441253&lat=35.0721362&zoom=18,323110,CWB379001924,35.072136,128.441253
시락정곡종점,창원시마산합포구,진전면,2,"https://map.kakao.com/link/map/%EC%8B%9C%EB%9D%BD%EC%A0%95%EA%B3%A1%EC%A2%85%EC%A0%90,35.0600328,128.4251095",https://map.naver.com/p?lng=128.4251095&lat=35.0600328&zoom=18,323104,CWB379001944,35.060033,128.425109
시락정곡종점,창원시마산합포구,진전면,2,"https://map.kakao.com/link/map/%EC%8B%9C%EB%9D%BD%EC%A0%95%EA%B3%A1%EC%A2%85%EC%A0%90,35.0600109,128.4249817",https://map.naver.com/p?lng=128.4249817&lat=35.0600109&zoom=18,323103,CWB379001943,35.060011,128.424982
신기,창원시마산합포구,진전면,1,"https://map.kakao.com/link/map/%EC%8B%A0%EA%B8%B0,35.107922,128.4477264",https://map.naver.com/p?lng=128.4477264&lat=35.107922&zoom=18,308105,CWB379001798,35.107922,128.447726
아랫소포,창원시마산합포구,진전면,2,"https://map.kakao.com/link/map/%EC%95%84%EB%9E%AB%EC%86%8C%ED%8F%AC,35.07326,128.4579333",https://map.naver.com/p?lng=128.4579333&lat=35.07326&zoom=18,323129,CWB379005800,35.07326,128.457933
아랫소포,창원시마산합포구,진전면,2,"https://map.kakao.com/link/map/%EC%95%84%EB%9E%AB%EC%86%8C%ED%8F%AC,35.0732525,128.4576262",https://map.naver.com/p?lng=128.4576262&lat=35.0732525&zoom=18,323130,CWB379005799,35.073252,128.457626
암하,창원시마산합포구,진전면,2,"https://map.kakao.com/link/map/%EC%95%94%ED%95%98,35.1071809,128.4487708",https://map.naver.com/p?lng=128.4487708&lat=35.1071809&zoom=18,308106,CWB379001803,35.107181,128.448771
암하,창원시마산합포구,진전면,2,"https://map.kakao.com/link/map/%EC%95%94%ED%95%98,35.1070664,128.4507522",https://map.naver.com/p?lng=128.4507522&lat=35.1070664&zoom=18,308108,CWB379001804,35.107066,128.450752
오서교차로,창원시마산합포구,진전면,1,"https://map.kakao.com/link/map/%EC%98%A4%EC%84%9C%EA%B5%90%EC%B0%A8%EB%A1%9C,35.1000764,128.4162033",https://map.naver.com/p?lng=128.4162033&lat=35.1000764&zoom=18,303811,CWB379006157,35.100076,128.416203
오서시장,창원시마산합포구,진전면,2,"https://map.kakao.com/link/map/%EC%98%A4%EC%84%9C%EC%8B%9C%EC%9E%A5,35.1020418,128.4161441",https://map.naver.com/p?lng=128.4161441&lat=35.1020418&zoom=18,303803,CWB379001830,35.102042,128.416144
오서시장,창원시마산합포구,진전면,2,"https://map.kakao.com/link/map/%EC%98%A4%EC%84%9C%EC%8B%9C%EC%9E%A5,35.1019299,128.4165166",https://map.naver.com/p?lng=128.4165166&lat=35.1019299&zoom=18,303804,CWB379001831,35.10193,128.416517
옹기골,창원시마산합포구,진전면,1,"https://map.kakao.com/link/map/%EC%98%B9%EA%B8%B0%EA%B3%A8,35.108948,128.4537527",https://map.naver.com/p?lng=128.4537527&lat=35.108948&zoom=18,308110,CWB379001797,35.108948,128.453753
이명마을,창원시마산합포구,진전면,2,"https://map.kakao.com/link/map/%EC%9D%B4%EB%AA%85%EB%A7%88%EC%9D%84,35.0946965,128.4502549",https://map.naver.com/p?lng=128.4502549&lat=35.0946965&zoom=18,323124,CWB379001866,35.094696,128.450255
이명마을,창원시마산합포구,진전면,2,"https://map.kakao.com/link/map/%EC%9D%B4%EB%AA%85%EB%A7%88%EC%9D%84,35.0948054,128.45017",https://map.naver.com/p?lng=128.45017&lat=35.0948054&zoom=18,323123,CWB379001865,35.094805,128.45017
이명마을입구,창원시마산합포구,진전면,2,"https://map.kakao.com/link/map/%EC%9D%B4%EB%AA%85%EB%A7%88%EC%9D%84%EC%9E%85%EA%B5%AC,35.0958585,128.4461655",https://map.naver.com/p?lng=128.4461655&lat=35.0958585&zoom=18,323126,CWB379001860,35.095858,128.446166
이명마을입구,창원시마산합포구,진전면,2,"https://map.kakao.com/link/map/%EC%9D%B4%EB%AA%85%EB%A7%88%EC%9D%84%EC%9E%85%EA%B5%AC,35.0959397,128.4463562",https://map.naver.com/p?lng=128.4463562&lat=35.0959397&zoom=18,323125,CWB379001859,35.09594,128.446356
임곡마을,창원시마산합포구,진전면,2,"https://map.kakao.com/link/map/%EC%9E%84%EA%B3%A1%EB%A7%88%EC%9D%84,35.110949,128.4340025",https://map.naver.com/p?lng=128.4340025&lat=35.110949&zoom=18,315501,CWB379002898,35.110949,128.434002
임곡마을,창원시마산합포구,진전면,2,"https://map.kakao.com/link/map/%EC%9E%84%EA%B3%A1%EB%A7%88%EC%9D%84,35.110877,128.4338808",https://map.naver.com/p?lng=128.4338808&lat=35.110877&zoom=18,315502,CWB379002900,35.110877,128.433881
임곡삼거리,창원시마산합포구,진전면,1,"https://map.kakao.com/link/map/%EC%9E%84%EA%B3%A1%EC%82%BC%EA%B1%B0%EB%A6%AC,35.1063303,128.4308111",https://map.naver.com/p?lng=128.4308111&lat=35.1063303&zoom=18,308129,CWB379003269,35.10633,128.430811
정곡,창원시마산합포구,진전면,2,"https://map.kakao.com/link/map/%EC%A0%95%EA%B3%A1,35.0608183,128.4319564",https://map.naver.com/p?lng=128.4319564&lat=35.0608183&zoom=18,323101,CWB379001941,35.060818,128.431956
정곡,창원시마산합포구,진전면,2,"https://map.kakao.com/link/map/%EC%A0%95%EA%B3%A1,35.0607052,128.4319221",https://map.naver.com/p?lng=128.4319221&lat=35.0607052&zoom=18,323102,CWB379001942,35.060705,128.431922
정달마을,창원시마산합포구,진전면,2,"https://map.kakao.com/link/map/%EC%A0%95%EB%8B%AC%EB%A7%88%EC%9D%84,35.0974681,128.4388518",https://map.naver.com/p?lng=128.4388518&lat=35.0974681&zoom=18,630075,CWB379001853,35.097468,128.438852
정달마을,창원시마산합포구,진전면,2,"https://map.kakao.com/link/map/%EC%A0%95%EB%8B%AC%EB%A7%88%EC%9D%84,35.097549,128.4388915",https://map.naver.com/p?lng=128.4388915&lat=35.097549&zoom=18,630074,CWB379001852,35.097549,128.438892
진목마을,창원시마산합포구,진전면,2,"https://map.kakao.com/link/map/%EC%A7%84%EB%AA%A9%EB%A7%88%EC%9D%84,35.1065362,128.4403592",https://map.naver.com/p?lng=128.4403592&lat=35.1065362&zoom=18,308103,CWB379001809,35.106536,128.440359
진목마을,창원시마산합포구,진전면,2,"https://map.kakao.com/link/map/%EC%A7%84%EB%AA%A9%EB%A7%88%EC%9D%84,35.1064413,128.4405718",https://map.naver.com/p?lng=128.4405718&lat=35.1064413&zoom=18,308104,CWB379001808,35.106441,128.440572
진전면행정복지센터,창원시마산합포구,진전면,2,"https://map.kakao.com/link/map/%EC%A7%84%EC%A0%84%EB%A9%B4%ED%96%89%EC%A0%95%EB%B3%B5%EC%A7%80%EC%84%BC%ED%84%B0,35.1025023,128.4184674",https://map.naver.com/p?lng=128.4184674&lat=35.1025023&zoom=18,311901,CWB379001828,35.102502,128.418467
진전면행정복지센터,창원시마산합포구,진전면,2,"https://map.kakao.com/link/map/%EC%A7%84%EC%A0%84%EB%A9%B4%ED%96%89%EC%A0%95%EB%B3%B5%EC%A7%80%EC%84%BC%ED%84%B0,35.1026312,128.4185451",https://map.naver.com/p?lng=128.4185451&lat=35.1026312&zoom=18,311902,CWB379001827,35.102631,128.418545
진전어린이집,창원시마산합포구,진전면,2,"https://map.kakao.com/link/map/%EC%A7%84%EC%A0%84%EC%96%B4%EB%A6%B0%EC%9D%B4%EC%A7%91,35.1042101,128.4171195",https://map.naver.com/p?lng=128.4171195&lat=35.1042101&zoom=18,311903,CWB379001818,35.10421,128.41712
진전어린이집,창원시마산합포구,진전면,2,"https://map.kakao.com/link/map/%EC%A7%84%EC%A0%84%EC%96%B4%EB%A6%B0%EC%9D%B4%EC%A7%91,35.1046895,128.4168993",https://map.naver.com/p?lng=128.4168993&lat=35.1046895&zoom=18,311904,CWB379001815,35.10469,128.416899
진전중학교,창원시마산합포구,진전면,2,"https://map.kakao.com/link/map/%EC%A7%84%EC%A0%84%EC%A4%91%ED%95%99%EA%B5%90,35.1019772,128.4100194",https://map.naver.com/p?lng=128.4100194&lat=35.1019772&zoom=18,303801,CWB379001832,35.101977,128.410019
진전중학교,창원시마산합포구,진전면,2,"https://map.kakao.com/link/map/%EC%A7%84%EC%A0%84%EC%A4%91%ED%95%99%EA%B5%90,35.1018677,128.410219",https://map.naver.com/p?lng=128.410219&lat=35.1018677&zoom=18,303802,CWB379001833,35.101868,128.410219
진전초등학교,창원시마산합포구,진전면,2,"https://map.kakao.com/link/map/%EC%A7%84%EC%A0%84%EC%B4%88%EB%93%B1%ED%95%99%EA%B5%90,35.1093036,128.4150057",https://map.naver.com/p?lng=128.4150057&lat=35.1093036&zoom=18,320711,CWB379001790,35.109304,128.415006
진전초등학교,창원시마산합포구,진전면,2,"https://map.kakao.com/link/map/%EC%A7%84%EC%A0%84%EC%B4%88%EB%93%B1%ED%95%99%EA%B5%90,35.1095663,128.4154358",https://map.naver.com/p?lng=128.4154358&lat=35.1095663&zoom=18,320712,CWB379001792,35.109566,128.415436
창포마을,창원시마산합포구,진전면,1,"https://map.kakao.com/link/map/%EC%B0%BD%ED%8F%AC%EB%A7%88%EC%9D%84,35.0897119,128.4603637",https://map.naver.com/p?lng=128.4603637&lat=35.0897119&zoom=18,323121,CWB379001879,35.089712,128.460364
천주교마산교구청,창원시마산합포구,진전면,2,"https://map.kakao.com/link/map/%EC%B2%9C%EC%A3%BC%EA%B5%90%EB%A7%88%EC%82%B0%EA%B5%90%EA%B5%AC%EC%B2%AD,35.1060626,128.435441",https://map.naver.com/p?lng=128.435441&lat=35.1060626&zoom=18,308101,CWB379001811,35.106063,128.435441
천주교마산교구청,창원시마산합포구,진전면,2,"https://map.kakao.com/link/map/%EC%B2%9C%EC%A3%BC%EA%B5%90%EB%A7%88%EC%82%B0%EA%B5%90%EA%B5%AC%EC%B2%AD,35.1059261,128.4348966",https://map.naver.com/p?lng=128.4348966&lat=35.1059261&zoom=18,308102,CWB379001812,35.105926,128.434897
탑동종점,창원시마산합포구,진전면,1,"https://map.kakao.com/link/map/%ED%83%91%EB%8F%99%EC%A2%85%EC%A0%90,35.0946452,128.3989629",https://map.naver.com/p?lng=128.3989629&lat=35.0946452&zoom=18,320002,CWB379001870,35.094645,128.398963
해변횟집,창원시마산합포구,진전면,2,"https://map.kakao.com/link/map/%ED%95%B4%EB%B3%80%ED%9A%9F%EC%A7%91,35.0721269,128.4464403",https://map.naver.com/p?lng=128.4464403&lat=35.0721269&zoom=18,323111,CWB379001925,35.072127,128.44644
해변횟집,창원시마산합포구,진전면,2,"https://map.kakao.com/link/map/%ED%95%B4%EB%B3%80%ED%9A%9F%EC%A7%91,35.072008,128.4462945",https://map.naver.com/p?lng=128.4462945&lat=35.072008&zoom=18,323112,CWB379001926,35.072008,128.446294
호산마을,창원시마산합포구,진전면,2,"https://map.kakao.com/link/map/%ED%98%B8%EC%82%B0%EB%A7%88%EC%9D%84,35.0980557,128.4311907",https://map.naver.com/p?lng=128.4311907&lat=35.0980557&zoom=18,630073,CWB379001848,35.098056,128.431191
호산마을,창원시마산합포구,진전면,2,"https://map.kakao.com/link/map/%ED%98%B8%EC%82%B0%EB%A7%88%EC%9D%84,35.098333,128.4313674",https://map.naver.com/p?lng=128.4313674&lat=35.098333&zoom=18,630072,CWB379001847,35.098333,128.431367
회동,창원시마산합포구,진전면,2,"https://map.kakao.com/link/map/%ED%9A%8C%EB%8F%99,35.0979142,128.4054212",https://map.naver.com/p?lng=128.4054212&lat=35.0979142&zoom=18,320003,CWB379001849,35.097914,128.405421
회동,창원시마산합포구,진전면,2,"https://map.kakao.com/link/map/%ED%9A%8C%EB%8F%99,35.0977777,128.4054268",https://map.naver.com/p?lng=128.4054268&lat=35.0977777&zoom=18,320004,CWB379001850,35.097778,128.405427
육호광장,창원시마산합포구,합포동,1,"https://map.kakao.com/link/map/%EC%9C%A1%ED%98%B8%EA%B4%91%EC%9E%A5,35.2126084,128.5761462",https://map.naver.com/p?lng=128.5761462&lat=35.2126084&zoom=18,300134,CWB379001066,35.212608,128.576146
자유무역지역정문,창원시마산합포구,합포동,2,"https://map.kakao.com/link/map/%EC%9E%90%EC%9C%A0%EB%AC%B4%EC%97%AD%EC%A7%80%EC%97%AD%EC%A0%95%EB%AC%B8,35.2093966,128.5830333",https://map.naver.com/p?lng=128.5830333&lat=35.2093966&zoom=18,321916,CWB379001114,35.209397,128.583033
자유무역지역정문,창원시마산합포구,합포동,2,"https://map.kakao.com/link/map/%EC%9E%90%EC%9C%A0%EB%AC%B4%EC%97%AD%EC%A7%80%EC%97%AD%EC%A0%95%EB%AC%B8,35.2099339,128.5833988",https://map.naver.com/p?lng=128.5833988&lat=35.2099339&zoom=18,321917,CWB379001107,35.209934,128.583399
합포동,창원시마산합포구,합포동,2,"https://map.kakao.com/link/map/%ED%95%A9%ED%8F%AC%EB%8F%99,35.2125307,128.5859205",https://map.naver.com/p?lng=128.5859205&lat=35.2125307&zoom=18,321918,CWB379001065,35.212531,128.58592
합포동,창원시마산합포구,합포동,2,"https://map.kakao.com/link/map/%ED%95%A9%ED%8F%AC%EB%8F%99,35.2124808,128.5856289",https://map.naver.com/p?lng=128.5856289&lat=35.2124808&zoom=18,321919,CWB379001068,35.212481,128.585629
밤밭고개,창원시마산합포구,현동,2,"https://map.kakao.com/link/map/%EB%B0%A4%EB%B0%AD%EA%B3%A0%EA%B0%9C,35.1681557,128.5550961",https://map.naver.com/p?lng=128.5550961&lat=35.1681557&zoom=18,306617,CWB379001460,35.168156,128.555096
밤밭고개,창원시마산합포구,현동,2,"https://map.kakao.com/link/map/%EB%B0%A4%EB%B0%AD%EA%B3%A0%EA%B0%9C,35.1681272,128.5553239",https://map.naver.com/p?lng=128.5553239&lat=35.1681272&zoom=18,306616,CWB379001464,35.168127,128.555324
옥동마을,창원시마산합포구,현동,2,"https://map.kakao.com/link/map/%EC%98%A5%EB%8F%99%EB%A7%88%EC%9D%84,35.1517906,128.5477891",https://map.naver.com/p?lng=128.5477891&lat=35.1517906&zoom=18,306611,CWB379001561,35.151791,128.547789
옥동마을,창원시마산합포구,현동,2,"https://map.kakao.com/link/map/%EC%98%A5%EB%8F%99%EB%A7%88%EC%9D%84,35.1537621,128.5493463",https://map.naver.com/p?lng=128.5493463&lat=35.1537621&zoom=18,306610,CWB379001577,35.153762,128.549346
우산마을,창원시마산합포구,현동,2,"https://map.kakao.com/link/map/%EC%9A%B0%EC%82%B0%EB%A7%88%EC%9D%84,35.1574361,128.5529312",https://map.naver.com/p?lng=128.5529312&lat=35.1574361&zoom=18,306613,CWB379001513,35.157436,128.552931
우산마을,창원시마산합포구,현동,2,"https://map.kakao.com/link/map/%EC%9A%B0%EC%82%B0%EB%A7%88%EC%9D%84,35.1583227,128.5538513",https://map.naver.com/p?lng=128.5538513&lat=35.1583227&zoom=18,306612,CWB379001508,35.158323,128.553851
현동입구,창원시마산합포구,현동,1,"https://map.kakao.com/link/map/%ED%98%84%EB%8F%99%EC%9E%85%EA%B5%AC,35.1537614,128.5490456",https://map.naver.com/p?lng=128.5490456&lat=35.1537614&zoom=18,630244,CWB379003010,35.153761,128.549046
구암동,창원시마산회원구,구암1동,1,"https://map.kakao.com/link/map/%EA%B5%AC%EC%95%94%EB%8F%99,35.247284,128.5920785",https://map.naver.com/p?lng=128.5920785&lat=35.247284&zoom=18,400123,CWB379000547,35.247284,128.592079
구암동육교,창원시마산회원구,구암1동,1,"https://map.kakao.com/link/map/%EA%B5%AC%EC%95%94%EB%8F%99%EC%9C%A1%EA%B5%90,35.2487525,128.5947137",https://map.naver.com/p?lng=128.5947137&lat=35.2487525&zoom=18,400125,CWB379000502,35.248752,128.594714
KT동마산지점,창원시마산회원구,구암2동,2,"https://map.kakao.com/link/map/KT%EB%8F%99%EB%A7%88%EC%82%B0%EC%A7%80%EC%A0%90,35.2505254,128.5979819",https://map.naver.com/p?lng=128.5979819&lat=35.2505254&zoom=18,400127,CWB379000475,35.250525,128.597982
KT동마산지점,창원시마산회원구,구암2동,2,"https://map.kakao.com/link/map/KT%EB%8F%99%EB%A7%88%EC%82%B0%EC%A7%80%EC%A0%90,35.2500535,128.5978164",https://map.naver.com/p?lng=128.5978164&lat=35.2500535&zoom=18,400128,CWB379000489,35.250054,128.597816
구암동,창원시마산회원구,구암2동,1,"https://map.kakao.com/link/map/%EA%B5%AC%EC%95%94%EB%8F%99,35.2468031,128.5918093",https://map.naver.com/p?lng=128.5918093&lat=35.2468031&zoom=18,400126,CWB379000558,35.246803,128.591809
한국전력,창원시마산회원구,구암2동,2,"https://map.kakao.com/link/map/%ED%95%9C%EA%B5%AD%EC%A0%84%EB%A0%A5,35.2512728,128.599324",https://map.naver.com/p?lng=128.599324&lat=35.2512728&zoom=18,400129,CWB379000466,35.251273,128.599324
한국전력,창원시마산회원구,구암2동,2,"https://map.kakao.com/link/map/%ED%95%9C%EA%B5%AD%EC%A0%84%EB%A0%A5,35.2508664,128.5993142",https://map.naver.com/p?lng=128.5993142&lat=35.2508664&zoom=18,400130,CWB379000477,35.250866,128.599314
KB국민은행,창원시마산회원구,내서읍,1,"https://map.kakao.com/link/map/KB%EA%B5%AD%EB%AF%BC%EC%9D%80%ED%96%89,35.2333268,128.5044714",https://map.naver.com/p?lng=128.5044714&lat=35.2333268&zoom=18,401016,CWB379005402,35.233327,128.504471
구슬골,창원시마산회원구,내서읍,2,"https://map.kakao.com/link/map/%EA%B5%AC%EC%8A%AC%EA%B3%A8,35.2452234,128.5282542",https://map.naver.com/p?lng=128.5282542&lat=35.2452234&zoom=18,422804,CWB379000595,35.245223,128.528254
구슬골,창원시마산회원구,내서읍,2,"https://map.kakao.com/link/map/%EA%B5%AC%EC%8A%AC%EA%B3%A8,35.2444761,128.5290676",https://map.naver.com/p?lng=128.5290676&lat=35.2444761&zoom=18,422803,CWB379000605,35.244476,128.529068
내서119안전센터,창원시마산회원구,내서읍,2,"https://map.kakao.com/link/map/%EB%82%B4%EC%84%9C119%EC%95%88%EC%A0%84%EC%84%BC%ED%84%B0,35.2401954,128.5091749",https://map.naver.com/p?lng=128.5091749&lat=35.2401954&zoom=18,417205,CWB379000665,35.240195,128.509175
내서119안전센터,창원시마산회원구,내서읍,2,"https://map.kakao.com/link/map/%EB%82%B4%EC%84%9C119%EC%95%88%EC%A0%84%EC%84%BC%ED%84%B0,35.2411798,128.5100703",https://map.naver.com/p?lng=128.5100703&lat=35.2411798&zoom=18,417204,CWB379000654,35.24118,128.51007
내서여고,창원시마산회원구,내서읍,2,"https://map.kakao.com/link/map/%EB%82%B4%EC%84%9C%EC%97%AC%EA%B3%A0,35.2368914,128.5044232",https://map.naver.com/p?lng=128.5044232&lat=35.2368914&zoom=18,401008,CWB379002393,35.236891,128.504423
내서여고,창원시마산회원구,내서읍,2,"https://map.kakao.com/link/map/%EB%82%B4%EC%84%9C%EC%97%AC%EA%B3%A0,35.2375766,128.5040952",https://map.naver.com/p?lng=128.5040952&lat=35.2375766&zoom=18,401009,CWB379001985,35.237577,128.504095
내서우체국,창원시마산회원구,내서읍,2,"https://map.kakao.com/link/map/%EB%82%B4%EC%84%9C%EC%9A%B0%EC%B2%B4%EA%B5%AD,35.2487644,128.5177252",https://map.naver.com/p?lng=128.5177252&lat=35.2487644&zoom=18,417211,CWB379000532,35.248764,128.517725
내서우체국,창원시마산회원구,내서읍,2,"https://map.kakao.com/link/map/%EB%82%B4%EC%84%9C%EC%9A%B0%EC%B2%B4%EA%B5%AD,35.2485953,128.5179389",https://map.naver.com/p?lng=128.5179389&lat=35.2485953&zoom=18,417210,CWB379000535,35.248595,128.517939
내서중학교,창원시마산회원구,내서읍,2,"https://map.kakao.com/link/map/%EB%82%B4%EC%84%9C%EC%A4%91%ED%95%99%EA%B5%90,35.2460262,128.5089331",https://map.naver.com/p?lng=128.5089331&lat=35.2460262&zoom=18,401012,CWB379000597,35.246026,128.508933
내서중학교,창원시마산회원구,내서읍,2,"https://map.kakao.com/link/map/%EB%82%B4%EC%84%9C%EC%A4%91%ED%95%99%EA%B5%90,35.2463198,128.508754",https://map.naver.com/p?lng=128.508754&lat=35.2463198&zoom=18,401013,CWB379000588,35.24632,128.508754
농산물도매시장입구,창원시마산회원구,내서읍,1,"https://map.kakao.com/link/map/%EB%86%8D%EC%82%B0%EB%AC%BC%EB%8F%84%EB%A7%A4%EC%8B%9C%EC%9E%A5%EC%9E%85%EA%B5%AC,35.25235,128.5124542",https://map.naver.com/p?lng=128.5124542&lat=35.25235&zoom=18,421707,CWB379000473,35.25235,128.512454
더푸른아파트,창원시마산회원구,내서읍,2,"https://map.kakao.com/link/map/%EB%8D%94%ED%91%B8%EB%A5%B8%EC%95%84%ED%8C%8C%ED%8A%B8,35.2348094,128.5044922",https://map.naver.com/p?lng=128.5044922&lat=35.2348094&zoom=18,401006,CWB379000746,35.234809,128.504492
더푸른아파트,창원시마산회원구,내서읍,2,"https://map.kakao.com/link/map/%EB%8D%94%ED%91%B8%EB%A5%B8%EC%95%84%ED%8C%8C%ED%8A%B8,35.2351764,128.5041732",https://map.naver.com/p?lng=128.5041732&lat=35.2351764&zoom=18,401007,CWB379000743,35.235176,128.504173
동신아파트,창원시마산회원구,내서읍,2,"https://map.kakao.com/link/map/%EB%8F%99%EC%8B%A0%EC%95%84%ED%8C%8C%ED%8A%B8,35.2507615,128.5136388",https://map.naver.com/p?lng=128.5136388&lat=35.2507615&zoom=18,401502,CWB379000496,35.250762,128.513639
동신아파트,창원시마산회원구,내서읍,2,"https://map.kakao.com/link/map/%EB%8F%99%EC%8B%A0%EC%95%84%ED%8C%8C%ED%8A%B8,35.2510914,128.5135482",https://map.naver.com/p?lng=128.5135482&lat=35.2510914&zoom=18,401501,CWB379000488,35.251091,128.513548
로봇산업진흥재단,창원시마산회원구,내서읍,2,"https://map.kakao.com/link/map/%EB%A1%9C%EB%B4%87%EC%82%B0%EC%97%85%EC%A7%84%ED%9D%A5%EC%9E%AC%EB%8B%A8,35.2461574,128.5140242",https://map.naver.com/p?lng=128.5140242&lat=35.2461574&zoom=18,417209,CWB379000582,35.246157,128.514024
로봇산업진흥재단,창원시마산회원구,내서읍,2,"https://map.kakao.com/link/map/%EB%A1%9C%EB%B4%87%EC%82%B0%EC%97%85%EC%A7%84%ED%9D%A5%EC%9E%AC%EB%8B%A8,35.2458321,128.5140037",https://map.naver.com/p?lng=128.5140037&lat=35.2458321&zoom=18,417208,CWB379000585,35.245832,128.514004
롯데마트,창원시마산회원구,내서읍,1,"https://map.kakao.com/link/map/%EB%A1%AF%EB%8D%B0%EB%A7%88%ED%8A%B8,35.2329,128.5048467",https://map.naver.com/p?lng=128.5048467&lat=35.2329&zoom=18,401004,CWB379000776,35.2329,128.504847
마산대학교정문,창원시마산회원구,내서읍,2,"https://map.kakao.com/link/map/%EB%A7%88%EC%82%B0%EB%8C%80%ED%95%99%EA%B5%90%EC%A0%95%EB%AC%B8,35.2582702,128.5095377",https://map.naver.com/p?lng=128.5095377&lat=35.2582702&zoom=18,416804,CWB379000411,35.25827,128.509538
마산대학교정문,창원시마산회원구,내서읍,2,"https://map.kakao.com/link/map/%EB%A7%88%EC%82%B0%EB%8C%80%ED%95%99%EA%B5%90%EC%A0%95%EB%AC%B8,35.2579021,128.5087735",https://map.naver.com/p?lng=128.5087735&lat=35.2579021&zoom=18,416803,CWB379000416,35.257902,128.508773
마산대학교종점,창원시마산회원구,내서읍,2,"https://map.kakao.com/link/map/%EB%A7%88%EC%82%B0%EB%8C%80%ED%95%99%EA%B5%90%EC%A2%85%EC%A0%90,35.2616044,128.5034694",https://map.naver.com/p?lng=128.5034694&lat=35.2616044&zoom=18,630015,CWB379000378,35.261604,128.503469
마산대학교종점,창원시마산회원구,내서읍,2,"https://map.kakao.com/link/map/%EB%A7%88%EC%82%B0%EB%8C%80%ED%95%99%EA%B5%90%EC%A2%85%EC%A0%90,35.2621964,128.5036973",https://map.naver.com/p?lng=128.5036973&lat=35.2621964&zoom=18,630016,CWB379000379,35.262196,128.503697
수곡,창원시마산회원구,내서읍,2,"https://map.kakao.com/link/map/%EC%88%98%EA%B3%A1,35.2595345,128.5097859",https://map.naver.com/p?lng=128.5097859&lat=35.2595345&zoom=18,416806,CWB379000405,35.259534,128.509786
수곡,창원시마산회원구,내서읍,2,"https://map.kakao.com/link/map/%EC%88%98%EA%B3%A1,35.259494,128.5097192",https://map.naver.com/p?lng=128.5097192&lat=35.259494&zoom=18,416805,CWB379000406,35.259494,128.509719
용마정비,창원시마산회원구,내서읍,2,"https://map.kakao.com/link/map/%EC%9A%A9%EB%A7%88%EC%A0%95%EB%B9%84,35.2447366,128.5121251",https://map.naver.com/p?lng=128.5121251&lat=35.2447366&zoom=18,417207,CWB379000608,35.244737,128.512125
용마정비,창원시마산회원구,내서읍,2,"https://map.kakao.com/link/map/%EC%9A%A9%EB%A7%88%EC%A0%95%EB%B9%84,35.2440411,128.5118211",https://map.naver.com/p?lng=128.5118211&lat=35.2440411&zoom=18,417206,CWB379000604,35.244041,128.511821
원계,창원시마산회원구,내서읍,2,"https://map.kakao.com/link/map/%EC%9B%90%EA%B3%84,35.2329998,128.506136",https://map.naver.com/p?lng=128.506136&lat=35.2329998&zoom=18,417201,CWB379000774,35.233,128.506136
원계,창원시마산회원구,내서읍,2,"https://map.kakao.com/link/map/%EC%9B%90%EA%B3%84,35.2331472,128.5065296",https://map.naver.com/p?lng=128.5065296&lat=35.2331472&zoom=18,417202,CWB379000773,35.233147,128.50653
자동차부품혁신센터,창원시마산회원구,내서읍,2,"https://map.kakao.com/link/map/%EC%9E%90%EB%8F%99%EC%B0%A8%EB%B6%80%ED%92%88%ED%98%81%EC%8B%A0%EC%84%BC%ED%84%B0,35.2382155,128.5079469",https://map.naver.com/p?lng=128.5079469&lat=35.2382155&zoom=18,630245,CWB379003011,35.238216,128.507947
자동차부품혁신센터,창원시마산회원구,내서읍,2,"https://map.kakao.com/link/map/%EC%9E%90%EB%8F%99%EC%B0%A8%EB%B6%80%ED%92%88%ED%98%81%EC%8B%A0%EC%84%BC%ED%84%B0,35.2384689,128.5084552",https://map.naver.com/p?lng=128.5084552&lat=35.2384689&zoom=18,630246,CWB379003012,35.238469,128.508455
장미아파트,창원시마산회원구,내서읍,2,"https://map.kakao.com/link/map/%EC%9E%A5%EB%AF%B8%EC%95%84%ED%8C%8C%ED%8A%B8,35.2416143,128.5051436",https://map.naver.com/p?lng=128.5051436&lat=35.2416143&zoom=18,401010,CWB379000643,35.241614,128.505144
장미아파트,창원시마산회원구,내서읍,2,"https://map.kakao.com/link/map/%EC%9E%A5%EB%AF%B8%EC%95%84%ED%8C%8C%ED%8A%B8,35.2421514,128.5052244",https://map.naver.com/p?lng=128.5052244&lat=35.2421514&zoom=18,401011,CWB379000644,35.242151,128.505224
제일고등학교,창원시마산회원구,내서읍,2,"https://map.kakao.com/link/map/%EC%A0%9C%EC%9D%BC%EA%B3%A0%EB%93%B1%ED%95%99%EA%B5%90,35.2619199,128.5069223",https://map.naver.com/p?lng=128.5069223&lat=35.2619199&zoom=18,421705,CWB379000377,35.26192,128.506922
제일고등학교,창원시마산회원구,내서읍,2,"https://map.kakao.com/link/map/%EC%A0%9C%EC%9D%BC%EA%B3%A0%EB%93%B1%ED%95%99%EA%B5%90,35.2620011,128.5066251",https://map.naver.com/p?lng=128.5066251&lat=35.2620011&zoom=18,421704,CWB379000380,35.262001,128.506625
죽암,창원시마산회원구,내서읍,2,"https://map.kakao.com/link/map/%EC%A3%BD%EC%95%94,35.2556301,128.5101992",https://map.naver.com/p?lng=128.5101992&lat=35.2556301&zoom=18,416802,CWB379000437,35.25563,128.510199
죽암,창원시마산회원구,내서읍,2,"https://map.kakao.com/link/map/%EC%A3%BD%EC%95%94,35.2553863,128.5100923",https://map.naver.com/p?lng=128.5100923&lat=35.2553863&zoom=18,416801,CWB379000438,35.255386,128.510092
중리본동,창원시마산회원구,내서읍,1,"https://map.kakao.com/link/map/%EC%A4%91%EB%A6%AC%EB%B3%B8%EB%8F%99,35.252097,128.5123391",https://map.naver.com/p?lng=128.5123391&lat=35.252097&zoom=18,421706,CWB379000474,35.252097,128.512339
중리삼거리,창원시마산회원구,내서읍,2,"https://map.kakao.com/link/map/%EC%A4%91%EB%A6%AC%EC%82%BC%EA%B1%B0%EB%A6%AC,35.2484589,128.5241413",https://map.naver.com/p?lng=128.5241413&lat=35.2484589&zoom=18,422806,CWB379000539,35.248459,128.524141
중리삼거리,창원시마산회원구,내서읍,2,"https://map.kakao.com/link/map/%EC%A4%91%EB%A6%AC%EC%82%BC%EA%B1%B0%EB%A6%AC,35.2484334,128.5239122",https://map.naver.com/p?lng=128.5239122&lat=35.2484334&zoom=18,422805,CWB379000542,35.248433,128.523912
청아병원,창원시마산회원구,내서읍,2,"https://map.kakao.com/link/map/%EC%B2%AD%EC%95%84%EB%B3%91%EC%9B%90,35.2486862,128.511238",https://map.naver.com/p?lng=128.511238&lat=35.2486862&zoom=18,401504,CWB379000540,35.248686,128.511238
청아병원,창원시마산회원구,내서읍,2,"https://map.kakao.com/link/map/%EC%B2%AD%EC%95%84%EB%B3%91%EC%9B%90,35.2488454,128.5110073",https://map.naver.com/p?lng=128.5110073&lat=35.2488454&zoom=18,401503,CWB379000530,35.248845,128.511007
크라운제과,창원시마산회원구,내서읍,1,"https://map.kakao.com/link/map/%ED%81%AC%EB%9D%BC%EC%9A%B4%EC%A0%9C%EA%B3%BC,35.2356174,128.5065712",https://map.naver.com/p?lng=128.5065712&lat=35.2356174&zoom=18,417203,CWB379000740,35.235617,128.506571
한주아파트,창원시마산회원구,내서읍,1,"https://map.kakao.com/link/map/%ED%95%9C%EC%A3%BC%EC%95%84%ED%8C%8C%ED%8A%B8,35.2487295,128.5200778",https://map.naver.com/p?lng=128.5200778&lat=35.2487295&zoom=18,421713,CWB379002860,35.24873,128.520078
한주아파트입구,창원시마산회원구,내서읍,1,"https://map.kakao.com/link/map/%ED%95%9C%EC%A3%BC%EC%95%84%ED%8C%8C%ED%8A%B8%EC%9E%85%EA%B5%AC,35.2486665,128.5203514",https://map.naver.com/p?lng=128.5203514&lat=35.2486665&zoom=18,421712,CWB379002392,35.248666,128.520351
경남은행본점,창원시마산회원구,석전동,1,"https://map.kakao.com/link/map/%EA%B2%BD%EB%82%A8%EC%9D%80%ED%96%89%EB%B3%B8%EC%A0%90,35.2306178,128.5767179",https://map.naver.com/p?lng=128.5767179&lat=35.2306178&zoom=18,400109,CWB379000809,35.230618,128.576718
마산역,창원시마산회원구,석전동,2,"https://map.kakao.com/link/map/%EB%A7%88%EC%82%B0%EC%97%AD,35.2363674,128.5807282",https://map.naver.com/p?lng=128.5807282&lat=35.2363674&zoom=18,400113,CWB379000712,35.236367,128.580728
마산역,창원시마산회원구,석전동,2,"https://map.kakao.com/link/map/%EB%A7%88%EC%82%B0%EC%97%AD,35.2351754,128.5802572",https://map.naver.com/p?lng=128.5802572&lat=35.2351754&zoom=18,400114,CWB379000731,35.235175,128.580257
마산역.365병원,창원시마산회원구,석전동,1,"https://map.kakao.com/link/map/%EB%A7%88%EC%82%B0%EC%97%AD.365%EB%B3%91%EC%9B%90,35.2336369,128.5790683",https://map.naver.com/p?lng=128.5790683&lat=35.2336369&zoom=18,400111,CWB379001995,35.233637,128.579068
마산역.동마산병원,창원시마산회원구,석전동,1,"https://map.kakao.com/link/map/%EB%A7%88%EC%82%B0%EC%97%AD.%EB%8F%99%EB%A7%88%EC%82%B0%EB%B3%91%EC%9B%90,35.2335387,128.5785156",https://map.naver.com/p?lng=128.5785156&lat=35.2335387&zoom=18,400112,CWB379000752,35.233539,128.578516
마산역종점,창원시마산회원구,석전동,2,"https://map.kakao.com/link/map/%EB%A7%88%EC%82%B0%EC%97%AD%EC%A2%85%EC%A0%90,35.2354707,128.5777944",https://map.naver.com/p?lng=128.5777944&lat=35.2354707&zoom=18,405201,CWB379000725,35.235471,128.577794
마산역종점,창원시마산회원구,석전동,2,"https://map.kakao.com/link/map/%EB%A7%88%EC%82%B0%EC%97%AD%EC%A2%85%EC%A0%90,35.235458,128.5784258",https://map.naver.com/p?lng=128.5784258&lat=35.235458&zoom=18,405202,CWB379003502,35.235458,128.578426
마산우체국,창원시마산회원구,석전동,1,"https://map.kakao.com/link/map/%EB%A7%88%EC%82%B0%EC%9A%B0%EC%B2%B4%EA%B5%AD,35.2306161,128.5762928",https://map.naver.com/p?lng=128.5762928&lat=35.2306161&zoom=18,400110,CWB379000807,35.230616,128.576293
메트로시티석전,창원시마산회원구,석전동,2,"https://map.kakao.com/link/map/%EB%A9%94%ED%8A%B8%EB%A1%9C%EC%8B%9C%ED%8B%B0%EC%84%9D%EC%A0%84,35.2291736,128.573962",https://map.naver.com/p?lng=128.573962&lat=35.2291736&zoom=18,408605,CWB379000822,35.229174,128.573962
메트로시티석전,창원시마산회원구,석전동,2,"https://map.kakao.com/link/map/%EB%A9%94%ED%8A%B8%EB%A1%9C%EC%8B%9C%ED%8B%B0%EC%84%9D%EC%A0%84,35.2294104,128.5726512",https://map.naver.com/p?lng=128.5726512&lat=35.2294104&zoom=18,408606,CWB379000818,35.22941,128.572651
보문주유소,창원시마산회원구,석전동,1,"https://map.kakao.com/link/map/%EB%B3%B4%EB%AC%B8%EC%A3%BC%EC%9C%A0%EC%86%8C,35.2320171,128.5658387",https://map.naver.com/p?lng=128.5658387&lat=35.2320171&zoom=18,408602,CWB379000775,35.232017,128.565839
북성초등학교,창원시마산회원구,석전동,2,"https://map.kakao.com/link/map/%EB%B6%81%EC%84%B1%EC%B4%88%EB%93%B1%ED%95%99%EA%B5%90,35.2315183,128.5680692",https://map.naver.com/p?lng=128.5680692&lat=35.2315183&zoom=18,408603,CWB379000784,35.231518,128.568069
북성초등학교,창원시마산회원구,석전동,2,"https://map.kakao.com/link/map/%EB%B6%81%EC%84%B1%EC%B4%88%EB%93%B1%ED%95%99%EA%B5%90,35.2312987,128.5680968",https://map.naver.com/p?lng=128.5680968&lat=35.2312987&zoom=18,408604,CWB379000788,35.231299,128.568097
석전동,창원시마산회원구,석전동,2,"https://map.kakao.com/link/map/%EC%84%9D%EC%A0%84%EB%8F%99,35.2270818,128.5735214",https://map.naver.com/p?lng=128.5735214&lat=35.2270818&zoom=18,400141,CWB379005951,35.227082,128.573521
석전동,창원시마산회원구,석전동,2,"https://map.kakao.com/link/map/%EC%84%9D%EC%A0%84%EB%8F%99,35.2273123,128.5741788",https://map.naver.com/p?lng=128.5741788&lat=35.2273123&zoom=18,400108,CWB379000848,35.227312,128.574179
양덕동,창원시마산회원구,양덕1동,1,"https://map.kakao.com/link/map/%EC%96%91%EB%8D%95%EB%8F%99,35.2335861,128.581325",https://map.naver.com/p?lng=128.581325&lat=35.2335861&zoom=18,411201,CWB379000748,35.233586,128.581325
타워맨션,창원시마산회원구,양덕1동,1,"https://map.kakao.com/link/map/%ED%83%80%EC%9B%8C%EB%A7%A8%EC%85%98,35.2287485,128.5861293",https://map.naver.com/p?lng=128.5861293&lat=35.2287485&zoom=18,411205,CWB379000828,35.228748,128.586129
한일타운,창원시마산회원구,양덕1동,1,"https://map.kakao.com/link/map/%ED%95%9C%EC%9D%BC%ED%83%80%EC%9A%B4,35.2314152,128.5838593",https://map.naver.com/p?lng=128.5838593&lat=35.2314152&zoom=18,411203,CWB379000785,35.231415,128.583859
고속버스터미널,창원시마산회원구,양덕2동,2,"https://map.kakao.com/link/map/%EA%B3%A0%EC%86%8D%EB%B2%84%EC%8A%A4%ED%84%B0%EB%AF%B8%EB%84%90,35.2222658,128.587365",https://map.naver.com/p?lng=128.587365&lat=35.2222658&zoom=18,421902,CWB379000905,35.222266,128.587365
고속버스터미널,창원시마산회원구,양덕2동,2,"https://map.kakao.com/link/map/%EA%B3%A0%EC%86%8D%EB%B2%84%EC%8A%A4%ED%84%B0%EB%AF%B8%EB%84%90,35.2222495,128.5871527",https://map.naver.com/p?lng=128.5871527&lat=35.2222495&zoom=18,421901,CWB379000900,35.22225,128.587153
양덕광장교차로,창원시마산회원구,양덕2동,2,"https://map.kakao.com/link/map/%EC%96%91%EB%8D%95%EA%B4%91%EC%9E%A5%EA%B5%90%EC%B0%A8%EB%A1%9C,35.2251006,128.5874688",https://map.naver.com/p?lng=128.5874688&lat=35.2251006&zoom=18,421904,CWB379000867,35.225101,128.587469
양덕광장교차로,창원시마산회원구,양덕2동,2,"https://map.kakao.com/link/map/%EC%96%91%EB%8D%95%EA%B4%91%EC%9E%A5%EA%B5%90%EC%B0%A8%EB%A1%9C,35.2273088,128.5869178",https://map.naver.com/p?lng=128.5869178&lat=35.2273088&zoom=18,411207,CWB379000840,35.227309,128.586918
양덕동,창원시마산회원구,양덕2동,1,"https://map.kakao.com/link/map/%EC%96%91%EB%8D%95%EB%8F%99,35.233301,128.5815886",https://map.naver.com/p?lng=128.5815886&lat=35.233301&zoom=18,411202,CWB379000757,35.233301,128.581589
타워맨션,창원시마산회원구,양덕2동,1,"https://map.kakao.com/link/map/%ED%83%80%EC%9B%8C%EB%A7%A8%EC%85%98,35.2293988,128.5851675",https://map.naver.com/p?lng=128.5851675&lat=35.2293988&zoom=18,411206,CWB379000817,35.229399,128.585168
한일타운,창원시마산회원구,양덕2동,1,"https://map.kakao.com/link/map/%ED%95%9C%EC%9D%BC%ED%83%80%EC%9A%B4,35.2312114,128.5836482",https://map.naver.com/p?lng=128.5836482&lat=35.2312114&zoom=18,411204,CWB379000786,35.231211,128.583648
덕재.롯데캐슬,창원시마산회원구,합성1동,1,"https://map.kakao.com/link/map/%EB%8D%95%EC%9E%AC.%EB%A1%AF%EB%8D%B0%EC%BA%90%EC%8A%AC,35.2448309,128.5875128",https://map.naver.com/p?lng=128.5875128&lat=35.2448309&zoom=18,400121,CWB379000589,35.244831,128.587513
마산시외버스터미널,창원시마산회원구,합성1동,2,"https://map.kakao.com/link/map/%EB%A7%88%EC%82%B0%EC%8B%9C%EC%99%B8%EB%B2%84%EC%8A%A4%ED%84%B0%EB%AF%B8%EB%84%90,35.2388003,128.5826278",https://map.naver.com/p?lng=128.5826278&lat=35.2388003&zoom=18,630020,CWB379000671,35.2388,128.582628
마산시외버스터미널,창원시마산회원구,합성1동,2,"https://map.kakao.com/link/map/%EB%A7%88%EC%82%B0%EC%8B%9C%EC%99%B8%EB%B2%84%EC%8A%A4%ED%84%B0%EB%AF%B8%EB%84%90,35.2378611,128.5823601",https://map.naver.com/p?lng=128.5823601&lat=35.2378611&zoom=18,630021,CWB379000690,35.237861,128.58236
합성동,창원시마산회원구,합성1동,1,"https://map.kakao.com/link/map/%ED%95%A9%EC%84%B1%EB%8F%99,35.241411,128.5846712",https://map.naver.com/p?lng=128.5846712&lat=35.241411&zoom=18,400119,CWB379000638,35.241411,128.584671
덕재.롯데캐슬,창원시마산회원구,합성2동,1,"https://map.kakao.com/link/map/%EB%8D%95%EC%9E%AC.%EB%A1%AF%EB%8D%B0%EC%BA%90%EC%8A%AC,35.2441913,128.5872821",https://map.naver.com/p?lng=128.5872821&lat=35.2441913&zoom=18,400122,CWB379000601,35.244191,128.587282
복음요양병원,창원시마산회원구,합성2동,1,"https://map.kakao.com/link/map/%EB%B3%B5%EC%9D%8C%EC%9A%94%EC%96%91%EB%B3%91%EC%9B%90,35.2455382,128.5894545",https://map.naver.com/p?lng=128.5894545&lat=35.2455382&zoom=18,400124,CWB379000574,35.245538,128.589454
합성동,창원시마산회원구,합성2동,1,"https://map.kakao.com/link/map/%ED%95%A9%EC%84%B1%EB%8F%99,35.2413067,128.5850253",https://map.naver.com/p?lng=128.5850253&lat=35.2413067&zoom=18,400120,CWB379000642,35.241307,128.585025
내서초등학교,창원시마산회원구,회성동,2,"https://map.kakao.com/link/map/%EB%82%B4%EC%84%9C%EC%B4%88%EB%93%B1%ED%95%99%EA%B5%90,35.2370932,128.5468",https://map.naver.com/p?lng=128.5468&lat=35.2370932&zoom=18,407203,CWB379000708,35.237093,128.5468
내서초등학교,창원시마산회원구,회성동,2,"https://map.kakao.com/link/map/%EB%82%B4%EC%84%9C%EC%B4%88%EB%93%B1%ED%95%99%EA%B5%90,35.2368572,128.5468785",https://map.naver.com/p?lng=128.5468785&lat=35.2368572&zoom=18,407204,CWB379000709,35.236857,128.546878
두척,창원시마산회원구,회성동,2,"https://map.kakao.com/link/map/%EB%91%90%EC%B2%99,35.2377831,128.5438522",https://map.naver.com/p?lng=128.5438522&lat=35.2377831&zoom=18,407201,CWB379001992,35.237783,128.543852
두척,창원시마산회원구,회성동,2,"https://map.kakao.com/link/map/%EB%91%90%EC%B2%99,35.2377666,128.5433795",https://map.naver.com/p?lng=128.5433795&lat=35.2377666&zoom=18,407202,CWB379001991,35.237767,128.543379
마재고개,창원시마산회원구,회성동,2,"https://map.kakao.com/link/map/%EB%A7%88%EC%9E%AC%EA%B3%A0%EA%B0%9C,35.2418924,128.5369682",https://map.naver.com/p?lng=128.5369682&lat=35.2418924&zoom=18,422802,CWB379000641,35.241892,128.536968
마재고개,창원시마산회원구,회성동,2,"https://map.kakao.com/link/map/%EB%A7%88%EC%9E%AC%EA%B3%A0%EA%B0%9C,35.2417118,128.5369503",https://map.naver.com/p?lng=128.5369503&lat=35.2417118&zoom=18,422801,CWB379000637,35.241712,128.53695
보문주유소,창원시마산회원구,회성동,1,"https://map.kakao.com/link/map/%EB%B3%B4%EB%AC%B8%EC%A3%BC%EC%9C%A0%EC%86%8C,35.2323833,128.5654754",https://map.naver.com/p?lng=128.5654754&lat=35.2323833&zoom=18,408601,CWB379000770,35.232383,128.565475
자족형행정복합타운,창원시마산회원구,회성동,2,"https://map.kakao.com/link/map/%EC%9E%90%EC%A1%B1%ED%98%95%ED%96%89%EC%A0%95%EB%B3%B5%ED%95%A9%ED%83%80%EC%9A%B4,35.2354294,128.5522464",https://map.naver.com/p?lng=128.5522464&lat=35.2354294&zoom=18,407205,CWB379000729,35.235429,128.552246
자족형행정복합타운,창원시마산회원구,회성동,2,"https://map.kakao.com/link/map/%EC%9E%90%EC%A1%B1%ED%98%95%ED%96%89%EC%A0%95%EB%B3%B5%ED%95%A9%ED%83%80%EC%9A%B4,35.2351022,128.5528114",https://map.naver.com/p?lng=128.5528114&lat=35.2351022&zoom=18,407206,CWB379000732,35.235102,128.552811
한효국화맨션,창원시마산회원구,회성동,2,"https://map.kakao.com/link/map/%ED%95%9C%ED%9A%A8%EA%B5%AD%ED%99%94%EB%A7%A8%EC%85%98,35.2342228,128.5568914",https://map.naver.com/p?lng=128.5568914&lat=35.2342228&zoom=18,407207,CWB379000744,35.234223,128.556891
한효국화맨션,창원시마산회원구,회성동,2,"https://map.kakao.com/link/map/%ED%95%9C%ED%9A%A8%EA%B5%AD%ED%99%94%EB%A7%A8%EC%85%98,35.2338786,128.5579704",https://map.naver.com/p?lng=128.5579704&lat=35.2338786&zoom=18,407208,CWB379000749,35.233879,128.55797
회성동행정복지센터/합포여중,창원시마산회원구,회성동,2,"https://map.kakao.com/link/map/%ED%9A%8C%EC%84%B1%EB%8F%99%ED%96%89%EC%A0%95%EB%B3%B5%EC%A7%80%EC%84%BC%ED%84%B0%2F%ED%95%A9%ED%8F%AC%EC%97%AC%EC%A4%91,35.2336234,128.561141",https://map.naver.com/p?lng=128.561141&lat=35.2336234&zoom=18,407209,CWB379000754,35.233623,128.561141
회성동행정복지센터/합포여중,창원시마산회원구,회성동,2,"https://map.kakao.com/link/map/%ED%9A%8C%EC%84%B1%EB%8F%99%ED%96%89%EC%A0%95%EB%B3%B5%EC%A7%80%EC%84%BC%ED%84%B0%2F%ED%95%A9%ED%8F%AC%EC%97%AC%EC%A4%91,35.2334197,128.5612438",https://map.naver.com/p?lng=128.5612438&lat=35.2334197&zoom=18,407210,CWB379000758,35.23342,128.561244
무학여고,창원시마산회원구,회원1동,2,"https://map.kakao.com/link/map/%EB%AC%B4%ED%95%99%EC%97%AC%EA%B3%A0,35.2216803,128.5734731",https://map.naver.com/p?lng=128.5734731&lat=35.2216803&zoom=18,400105,CWB379000914,35.22168,128.573473
무학여고,창원시마산회원구,회원1동,2,"https://map.kakao.com/link/map/%EB%AC%B4%ED%95%99%EC%97%AC%EA%B3%A0,35.2224369,128.5735855",https://map.naver.com/p?lng=128.5735855&lat=35.2224369&zoom=18,400106,CWB379000904,35.222437,128.573586
버스회관,창원시마산회원구,회원1동,2,"https://map.kakao.com/link/map/%EB%B2%84%EC%8A%A4%ED%9A%8C%EA%B4%80,35.215959,128.5756138",https://map.naver.com/p?lng=128.5756138&lat=35.215959&zoom=18,400101,CWB379001022,35.215959,128.575614
버스회관,창원시마산회원구,회원1동,2,"https://map.kakao.com/link/map/%EB%B2%84%EC%8A%A4%ED%9A%8C%EA%B4%80,35.2164702,128.5757787",https://map.naver.com/p?lng=128.5757787&lat=35.2164702&zoom=18,400102,CWB379001016,35.21647,128.575779
회원1동,창원시마산회원구,회원1동,2,"https://map.kakao.com/link/map/%ED%9A%8C%EC%9B%901%EB%8F%99,35.2189105,128.5745036",https://map.naver.com/p?lng=128.5745036&lat=35.2189105&zoom=18,400103,CWB379000971,35.21891,128.574504
회원1동,창원시마산회원구,회원1동,2,"https://map.kakao.com/link/map/%ED%9A%8C%EC%9B%901%EB%8F%99,35.2192542,128.5747426",https://map.naver.com/p?lng=128.5747426&lat=35.2192542&zoom=18,400104,CWB379000962,35.219254,128.574743
남양개나리3차아파트,창원시성산구,가음정동,1,"https://map.kakao.com/link/map/%EB%82%A8%EC%96%91%EA%B0%9C%EB%82%98%EB%A6%AC3%EC%B0%A8%EC%95%84%ED%8C%8C%ED%8A%B8,35.211166,128.7054671",https://map.naver.com/p?lng=128.7054671&lat=35.211166&zoom=18,219114,CWB379001056,35.211166,128.705467
남양동성APT.노인종합복지관,창원시성산구,가음정동,1,"https://map.kakao.com/link/map/%EB%82%A8%EC%96%91%EB%8F%99%EC%84%B1APT.%EB%85%B8%EC%9D%B8%EC%A2%85%ED%95%A9%EB%B3%B5%EC%A7%80%EA%B4%80,35.2146566,128.704464",https://map.naver.com/p?lng=128.704464&lat=35.2146566&zoom=18,219110,CWB379001015,35.214657,128.704464
남양동주택,창원시성산구,가음정동,1,"https://map.kakao.com/link/map/%EB%82%A8%EC%96%91%EB%8F%99%EC%A3%BC%ED%83%9D,35.2083556,128.706239",https://map.naver.com/p?lng=128.706239&lat=35.2083556&zoom=18,219116,CWB379001102,35.208356,128.706239
남양성원2차아파트,창원시성산구,가음정동,1,"https://map.kakao.com/link/map/%EB%82%A8%EC%96%91%EC%84%B1%EC%9B%902%EC%B0%A8%EC%95%84%ED%8C%8C%ED%8A%B8,35.2128814,128.7049846",https://map.naver.com/p?lng=128.7049846&lat=35.2128814&zoom=18,219112,CWB379001037,35.212881,128.704985
대방동성아파트,창원시성산구,가음정동,1,"https://map.kakao.com/link/map/%EB%8C%80%EB%B0%A9%EB%8F%99%EC%84%B1%EC%95%84%ED%8C%8C%ED%8A%B8,35.2038607,128.7058173",https://map.naver.com/p?lng=128.7058173&lat=35.2038607&zoom=18,219120,CWB379001183,35.203861,128.705817
안남중학교,창원시성산구,가음정동,1,"https://map.kakao.com/link/map/%EC%95%88%EB%82%A8%EC%A4%91%ED%95%99%EA%B5%90,35.2055996,128.7067114",https://map.naver.com/p?lng=128.7067114&lat=35.2055996&zoom=18,219118,CWB379001148,35.2056,128.706711
검찰청,창원시성산구,사파동,2,"https://map.kakao.com/link/map/%EA%B2%80%EC%B0%B0%EC%B2%AD,35.225744,128.698655",https://map.naver.com/p?lng=128.698655&lat=35.225744&zoom=18,219103,CWB379000844,35.225744,128.698655
검찰청,창원시성산구,사파동,2,"https://map.kakao.com/link/map/%EA%B2%80%EC%B0%B0%EC%B2%AD,35.2260625,128.6979892",https://map.naver.com/p?lng=128.6979892&lat=35.2260625&zoom=18,219102,CWB379000841,35.226062,128.697989
대방덕산아파트,창원시성산구,사파동,1,"https://map.kakao.com/link/map/%EB%8C%80%EB%B0%A9%EB%8D%95%EC%82%B0%EC%95%84%ED%8C%8C%ED%8A%B8,35.2129662,128.7053084",https://map.naver.com/p?lng=128.7053084&lat=35.2129662&zoom=18,219113,CWB379001030,35.212966,128.705308
대방동성아파트,창원시성산구,사파동,1,"https://map.kakao.com/link/map/%EB%8C%80%EB%B0%A9%EB%8F%99%EC%84%B1%EC%95%84%ED%8C%8C%ED%8A%B8,35.2035321,128.7060051",https://map.naver.com/p?lng=128.7060051&lat=35.2035321&zoom=18,219121,CWB379001190,35.203532,128.706005
대방중학교,창원시성산구,사파동,1,"https://map.kakao.com/link/map/%EB%8C%80%EB%B0%A9%EC%A4%91%ED%95%99%EA%B5%90,35.2083214,128.7066096",https://map.naver.com/p?lng=128.7066096&lat=35.2083214&zoom=18,219117,CWB379001103,35.208321,128.70661
대방초등학교,창원시성산구,사파동,1,"https://map.kakao.com/link/map/%EB%8C%80%EB%B0%A9%EC%B4%88%EB%93%B1%ED%95%99%EA%B5%90,35.2111593,128.7058159",https://map.naver.com/p?lng=128.7058159&lat=35.2111593&zoom=18,219115,CWB379001057,35.211159,128.705816
사파동,창원시성산구,사파동,2,"https://map.kakao.com/link/map/%EC%82%AC%ED%8C%8C%EB%8F%99,35.2210781,128.7012886",https://map.naver.com/p?lng=128.7012886&lat=35.2210781&zoom=18,219107,CWB379000895,35.221078,128.701289
사파동,창원시성산구,사파동,2,"https://map.kakao.com/link/map/%EC%82%AC%ED%8C%8C%EB%8F%99,35.2212467,128.7008441",https://map.naver.com/p?lng=128.7008441&lat=35.2212467&zoom=18,219106,CWB379000893,35.221247,128.700844
사파동성아파트,창원시성산구,사파동,2,"https://map.kakao.com/link/map/%EC%82%AC%ED%8C%8C%EB%8F%99%EC%84%B1%EC%95%84%ED%8C%8C%ED%8A%B8,35.2183394,128.7023822",https://map.naver.com/p?lng=128.7023822&lat=35.2183394&zoom=18,219109,CWB379000945,35.218339,128.702382
사파동성아파트,창원시성산구,사파동,2,"https://map.kakao.com/link/map/%EC%82%AC%ED%8C%8C%EB%8F%99%EC%84%B1%EC%95%84%ED%8C%8C%ED%8A%B8,35.2182261,128.7019847",https://map.naver.com/p?lng=128.7019847&lat=35.2182261&zoom=18,219108,CWB379000946,35.218226,128.701985
성원3차APT.노인종합복지관,창원시성산구,사파동,1,"https://map.kakao.com/link/map/%EC%84%B1%EC%9B%903%EC%B0%A8APT.%EB%85%B8%EC%9D%B8%EC%A2%85%ED%95%A9%EB%B3%B5%EC%A7%80%EA%B4%80,35.2148082,128.7048219",https://map.naver.com/p?lng=128.7048219&lat=35.2148082&zoom=18,219111,CWB379001010,35.214808,128.704822
안남중학교,창원시성산구,사파동,1,"https://map.kakao.com/link/map/%EC%95%88%EB%82%A8%EC%A4%91%ED%95%99%EA%B5%90,35.205433,128.7070517",https://map.naver.com/p?lng=128.7070517&lat=35.205433&zoom=18,219119,CWB379001154,35.205433,128.707052
창원축구센터.법원,창원시성산구,사파동,2,"https://map.kakao.com/link/map/%EC%B0%BD%EC%9B%90%EC%B6%95%EA%B5%AC%EC%84%BC%ED%84%B0.%EB%B2%95%EC%9B%90,35.2233782,128.7003512",https://map.naver.com/p?lng=128.7003512&lat=35.2233782&zoom=18,219105,CWB379000870,35.223378,128.700351
창원축구센터.법원,창원시성산구,사파동,2,"https://map.kakao.com/link/map/%EC%B0%BD%EC%9B%90%EC%B6%95%EA%B5%AC%EC%84%BC%ED%84%B0.%EB%B2%95%EC%9B%90,35.2232994,128.6999664",https://map.naver.com/p?lng=128.6999664&lat=35.2232994&zoom=18,219104,CWB379000872,35.223299,128.699966
토월체육공원,창원시성산구,사파동,1,"https://map.kakao.com/link/map/%ED%86%A0%EC%9B%94%EC%B2%B4%EC%9C%A1%EA%B3%B5%EC%9B%90,35.2313995,128.6950805",https://map.naver.com/p?lng=128.6950805&lat=35.2313995&zoom=18,119131,CWB379000764,35.2314,128.69508
선돌,창원시성산구,성주동,2,"https://map.kakao.com/link/map/%EC%84%A0%EB%8F%8C,35.1936744,128.6976382",https://map.naver.com/p?lng=128.6976382&lat=35.1936744&zoom=18,209304,CWB379001305,35.193674,128.697638
선돌,창원시성산구,성주동,2,"https://map.kakao.com/link/map/%EC%84%A0%EB%8F%8C,35.1931934,128.6967729",https://map.naver.com/p?lng=128.6967729&lat=35.1931934&zoom=18,209303,CWB379001316,35.193193,128.696773
성산구청,창원시성산구,성주동,2,"https://map.kakao.com/link/map/%EC%84%B1%EC%82%B0%EA%B5%AC%EC%B2%AD,35.1983964,128.7015842",https://map.naver.com/p?lng=128.7015842&lat=35.1983964&zoom=18,209306,CWB379001261,35.198396,128.701584
성산구청,창원시성산구,성주동,2,"https://map.kakao.com/link/map/%EC%84%B1%EC%82%B0%EA%B5%AC%EC%B2%AD,35.1985354,128.7013222",https://map.naver.com/p?lng=128.7013222&lat=35.1985354&zoom=18,209307,CWB379001260,35.198535,128.701322
성주고가도로입구,창원시성산구,성주동,1,"https://map.kakao.com/link/map/%EC%84%B1%EC%A3%BC%EA%B3%A0%EA%B0%80%EB%8F%84%EB%A1%9C%EC%9E%85%EA%B5%AC,35.1958734,128.6990532",https://map.naver.com/p?lng=128.6990532&lat=35.1958734&zoom=18,209305,CWB379001286,35.195873,128.699053
성주동행정복지센터,창원시성산구,성주동,1,"https://map.kakao.com/link/map/%EC%84%B1%EC%A3%BC%EB%8F%99%ED%96%89%EC%A0%95%EB%B3%B5%EC%A7%80%EC%84%BC%ED%84%B0,35.1896821,128.6941925",https://map.naver.com/p?lng=128.6941925&lat=35.1896821&zoom=18,209301,CWB379001339,35.189682,128.694193
성주사역 환승센터,창원시성산구,성주동,2,"https://map.kakao.com/link/map/%EC%84%B1%EC%A3%BC%EC%82%AC%EC%97%AD%20%ED%99%98%EC%8A%B9%EC%84%BC%ED%84%B0,35.1883835,128.6930475",https://map.naver.com/p?lng=128.6930475&lat=35.1883835&zoom=18,201239,CWB379005461,35.188384,128.693048
성주사역 환승센터,창원시성산구,성주동,2,"https://map.kakao.com/link/map/%EC%84%B1%EC%A3%BC%EC%82%AC%EC%97%AD%20%ED%99%98%EC%8A%B9%EC%84%BC%ED%84%B0,35.1884413,128.6927824",https://map.naver.com/p?lng=128.6927824&lat=35.1884413&zoom=18,201240,CWB379005460,35.188441,128.692782
안민교삼거리,창원시성산구,성주동,1,"https://map.kakao.com/link/map/%EC%95%88%EB%AF%BC%EA%B5%90%EC%82%BC%EA%B1%B0%EB%A6%AC,35.1911771,128.695474",https://map.naver.com/p?lng=128.695474&lat=35.1911771&zoom=18,209302,CWB379001326,35.191177,128.695474
경남도청/국가데이터처,창원시성산구,용지동,1,"https://map.kakao.com/link/map/%EA%B2%BD%EB%82%A8%EB%8F%84%EC%B2%AD%2F%EA%B5%AD%EA%B0%80%EB%8D%B0%EC%9D%B4%ED%84%B0%EC%B2%98,35.2353687,128.6917497",https://map.naver.com/p?lng=128.6917497&lat=35.2353687&zoom=18,119128,CWB379000705,35.235369,128.69175
창원시립테니스장입구,창원시성산구,용지동,2,"https://map.kakao.com/link/map/%EC%B0%BD%EC%9B%90%EC%8B%9C%EB%A6%BD%ED%85%8C%EB%8B%88%EC%8A%A4%EC%9E%A5%EC%9E%85%EA%B5%AC,35.2289116,128.6963808",https://map.naver.com/p?lng=128.6963808&lat=35.2289116&zoom=18,219101,CWB379000806,35.228912,128.696381
창원시립테니스장입구,창원시성산구,용지동,2,"https://map.kakao.com/link/map/%EC%B0%BD%EC%9B%90%EC%8B%9C%EB%A6%BD%ED%85%8C%EB%8B%88%EC%8A%A4%EC%9E%A5%EC%9E%85%EA%B5%AC,35.2285424,128.6962522",https://map.naver.com/p?lng=128.6962522&lat=35.2285424&zoom=18,119132,CWB379000811,35.228542,128.696252
토월체육공원,창원시성산구,용지동,1,"https://map.kakao.com/link/map/%ED%86%A0%EC%9B%94%EC%B2%B4%EC%9C%A1%EA%B3%B5%EC%9B%90,35.231431,128.6947599",https://map.naver.com/p?lng=128.6947599&lat=35.231431&zoom=18,119130,CWB379000761,35.231431,128.69476
농업기술센터,창원시의창구,명곡동,2,"https://map.kakao.com/link/map/%EB%86%8D%EC%97%85%EA%B8%B0%EC%88%A0%EC%84%BC%ED%84%B0,35.2393544,128.6487661",https://map.naver.com/p?lng=128.6487661&lat=35.2393544&zoom=18,119106,CWB379000653,35.239354,128.648766
농업기술센터,창원시의창구,명곡동,2,"https://map.kakao.com/link/map/%EB%86%8D%EC%97%85%EA%B8%B0%EC%88%A0%EC%84%BC%ED%84%B0,35.2395139,128.6492866",https://map.naver.com/p?lng=128.6492866&lat=35.2395139&zoom=18,119105,CWB379000651,35.239514,128.649287
파티마병원,창원시의창구,명곡동,1,"https://map.kakao.com/link/map/%ED%8C%8C%ED%8B%B0%EB%A7%88%EB%B3%91%EC%9B%90,35.2370188,128.646896",https://map.naver.com/p?lng=128.646896&lat=35.2370188&zoom=18,119104,CWB379000688,35.237019,128.646896
경남도청,창원시의창구,봉림동,1,"https://map.kakao.com/link/map/%EA%B2%BD%EB%82%A8%EB%8F%84%EC%B2%AD,35.2356975,128.6916432",https://map.naver.com/p?lng=128.6916432&lat=35.2356975&zoom=18,119129,CWB379000701,35.235698,128.691643
국립창원대입구,창원시의창구,봉림동,2,"https://map.kakao.com/link/map/%EA%B5%AD%EB%A6%BD%EC%B0%BD%EC%9B%90%EB%8C%80%EC%9E%85%EA%B5%AC,35.2422011,128.6900516",https://map.naver.com/p?lng=128.6900516&lat=35.2422011&zoom=18,120503,CWB379000610,35.242201,128.690052
국립창원대입구,창원시의창구,봉림동,2,"https://map.kakao.com/link/map/%EA%B5%AD%EB%A6%BD%EC%B0%BD%EC%9B%90%EB%8C%80%EC%9E%85%EA%B5%AC,35.2421311,128.6902232",https://map.naver.com/p?lng=128.6902232&lat=35.2421311&zoom=18,120504,CWB379000612,35.242131,128.690223
국립창원대학교정문,창원시의창구,봉림동,1,"https://map.kakao.com/link/map/%EA%B5%AD%EB%A6%BD%EC%B0%BD%EC%9B%90%EB%8C%80%ED%95%99%EA%B5%90%EC%A0%95%EB%AC%B8,35.2433012,128.6916206",https://map.naver.com/p?lng=128.6916206&lat=35.2433012&zoom=18,120505,CWB379000591,35.243301,128.691621
농협하나로클럽,창원시의창구,봉림동,2,"https://map.kakao.com/link/map/%EB%86%8D%ED%98%91%ED%95%98%EB%82%98%EB%A1%9C%ED%81%B4%EB%9F%BD,35.2429202,128.6532093",https://map.naver.com/p?lng=128.6532093&lat=35.2429202&zoom=18,119107,CWB379000603,35.24292,128.653209
농협하나로클럽,창원시의창구,봉림동,2,"https://map.kakao.com/link/map/%EB%86%8D%ED%98%91%ED%95%98%EB%82%98%EB%A1%9C%ED%81%B4%EB%9F%BD,35.242558,128.6530763",https://map.naver.com/p?lng=128.6530763&lat=35.242558&zoom=18,119108,CWB379000614,35.242558,128.653076
대동그린코아,창원시의창구,봉림동,1,"https://map.kakao.com/link/map/%EB%8C%80%EB%8F%99%EA%B7%B8%EB%A6%B0%EC%BD%94%EC%95%84,35.2454747,128.6711111",https://map.naver.com/p?lng=128.6711111&lat=35.2454747&zoom=18,119116,CWB379000562,35.245475,128.671111
도립미술관,창원시의창구,봉림동,2,"https://map.kakao.com/link/map/%EB%8F%84%EB%A6%BD%EB%AF%B8%EC%88%A0%EA%B4%80,35.2388548,128.6899685",https://map.naver.com/p?lng=128.6899685&lat=35.2388548&zoom=18,113308,CWB379000655,35.238855,128.689968
도립미술관,창원시의창구,봉림동,2,"https://map.kakao.com/link/map/%EB%8F%84%EB%A6%BD%EB%AF%B8%EC%88%A0%EA%B4%80,35.2383367,128.6892302",https://map.naver.com/p?lng=128.6892302&lat=35.2383367&zoom=18,113307,CWB379000656,35.238337,128.68923
봉곡상가,창원시의창구,봉림동,2,"https://map.kakao.com/link/map/%EB%B4%89%EA%B3%A1%EC%83%81%EA%B0%80,35.2475994,128.6704472",https://map.naver.com/p?lng=128.6704472&lat=35.2475994&zoom=18,106905,CWB379002097,35.247599,128.670447
봉곡상가,창원시의창구,봉림동,2,"https://map.kakao.com/link/map/%EB%B4%89%EA%B3%A1%EC%83%81%EA%B0%80,35.2471874,128.6702932",https://map.naver.com/p?lng=128.6702932&lat=35.2471874&zoom=18,106906,CWB379000521,35.247187,128.670293
봉곡상가입구,창원시의창구,봉림동,1,"https://map.kakao.com/link/map/%EB%B4%89%EA%B3%A1%EC%83%81%EA%B0%80%EC%9E%85%EA%B5%AC,35.2458484,128.67087",https://map.naver.com/p?lng=128.67087&lat=35.2458484&zoom=18,119115,CWB379000554,35.245848,128.67087
봉곡중학교,창원시의창구,봉림동,2,"https://map.kakao.com/link/map/%EB%B4%89%EA%B3%A1%EC%A4%91%ED%95%99%EA%B5%90,35.2462684,128.6628082",https://map.naver.com/p?lng=128.6628082&lat=35.2462684&zoom=18,106901,CWB379000546,35.246268,128.662808
봉곡중학교,창원시의창구,봉림동,2,"https://map.kakao.com/link/map/%EB%B4%89%EA%B3%A1%EC%A4%91%ED%95%99%EA%B5%90,35.2467064,128.6630152",https://map.naver.com/p?lng=128.6630152&lat=35.2467064&zoom=18,106902,CWB379000536,35.246706,128.663015
봉림휴먼시아,창원시의창구,봉림동,2,"https://map.kakao.com/link/map/%EB%B4%89%EB%A6%BC%ED%9C%B4%EB%A8%BC%EC%8B%9C%EC%95%84,35.2492342,128.667319",https://map.naver.com/p?lng=128.667319&lat=35.2492342&zoom=18,106903,CWB379000484,35.249234,128.667319
봉림휴먼시아,창원시의창구,봉림동,2,"https://map.kakao.com/link/map/%EB%B4%89%EB%A6%BC%ED%9C%B4%EB%A8%BC%EC%8B%9C%EC%95%84,35.2491863,128.6661479",https://map.naver.com/p?lng=128.6661479&lat=35.2491863&zoom=18,106904,CWB379000485,35.249186,128.666148
사림동,창원시의창구,봉림동,2,"https://map.kakao.com/link/map/%EC%82%AC%EB%A6%BC%EB%8F%99,35.2442395,128.6758172",https://map.naver.com/p?lng=128.6758172&lat=35.2442395&zoom=18,119119,CWB379000577,35.24424,128.675817
사림동,창원시의창구,봉림동,2,"https://map.kakao.com/link/map/%EC%82%AC%EB%A6%BC%EB%8F%99,35.2439176,128.6758781",https://map.naver.com/p?lng=128.6758781&lat=35.2439176&zoom=18,119120,CWB379000583,35.243918,128.675878
우영프라자,창원시의창구,봉림동,2,"https://map.kakao.com/link/map/%EC%9A%B0%EC%98%81%ED%94%84%EB%9D%BC%EC%9E%90,35.2416821,128.6878946",https://map.naver.com/p?lng=128.6878946&lat=35.2416821&zoom=18,120501,CWB379002287,35.241682,128.687895
우영프라자,창원시의창구,봉림동,2,"https://map.kakao.com/link/map/%EC%9A%B0%EC%98%81%ED%94%84%EB%9D%BC%EC%9E%90,35.2414813,128.6878827",https://map.naver.com/p?lng=128.6878827&lat=35.2414813&zoom=18,120502,CWB379000621,35.241481,128.687883
유목교,창원시의창구,봉림동,2,"https://map.kakao.com/link/map/%EC%9C%A0%EB%AA%A9%EA%B5%90,35.2438889,128.6560128",https://map.naver.com/p?lng=128.6560128&lat=35.2438889&zoom=18,119109,CWB379000586,35.243889,128.656013
유목교,창원시의창구,봉림동,2,"https://map.kakao.com/link/map/%EC%9C%A0%EB%AA%A9%EA%B5%90,35.2436844,128.6563632",https://map.naver.com/p?lng=128.6563632&lat=35.2436844&zoom=18,119110,CWB379001994,35.243684,128.656363
장애인복지회관입구,창원시의창구,봉림동,2,"https://map.kakao.com/link/map/%EC%9E%A5%EC%95%A0%EC%9D%B8%EB%B3%B5%EC%A7%80%ED%9A%8C%EA%B4%80%EC%9E%85%EA%B5%AC,35.2449602,128.6735972",https://map.naver.com/p?lng=128.6735972&lat=35.2449602&zoom=18,119117,CWB379000568,35.24496,128.673597
장애인복지회관입구,창원시의창구,봉림동,2,"https://map.kakao.com/link/map/%EC%9E%A5%EC%95%A0%EC%9D%B8%EB%B3%B5%EC%A7%80%ED%9A%8C%EA%B4%80%EC%9E%85%EA%B5%AC,35.2447727,128.6732432",https://map.naver.com/p?lng=128.6732432&lat=35.2447727&zoom=18,119118,CWB379000570,35.244773,128.673243
지귀상가,창원시의창구,봉림동,2,"https://map.kakao.com/link/map/%EC%A7%80%EA%B7%80%EC%83%81%EA%B0%80,35.2447775,128.6594371",https://map.naver.com/p?lng=128.6594371&lat=35.2447775&zoom=18,119111,CWB379000573,35.244778,128.659437
지귀상가,창원시의창구,봉림동,2,"https://map.kakao.com/link/map/%EC%A7%80%EA%B7%80%EC%83%81%EA%B0%80,35.2445479,128.6596975",https://map.naver.com/p?lng=128.6596975&lat=35.2445479&zoom=18,119112,CWB379000575,35.244548,128.659698
창원대삼거리,창원시의창구,봉림동,2,"https://map.kakao.com/link/map/%EC%B0%BD%EC%9B%90%EB%8C%80%EC%82%BC%EA%B1%B0%EB%A6%AC,35.2417568,128.6847949",https://map.naver.com/p?lng=128.6847949&lat=35.2417568&zoom=18,107512,CWB379000619,35.241757,128.684795
창원대삼거리,창원시의창구,봉림동,2,"https://map.kakao.com/link/map/%EC%B0%BD%EC%9B%90%EB%8C%80%EC%82%BC%EA%B1%B0%EB%A6%AC,35.2417786,128.6851291",https://map.naver.com/p?lng=128.6851291&lat=35.2417786&zoom=18,107511,CWB379000620,35.241779,128.685129
창원의집입구,창원시의창구,봉림동,2,"https://map.kakao.com/link/map/%EC%B0%BD%EC%9B%90%EC%9D%98%EC%A7%91%EC%9E%85%EA%B5%AC,35.2426528,128.6807386",https://map.naver.com/p?lng=128.6807386&lat=35.2426528&zoom=18,119121,CWB379000602,35.242653,128.680739
창원의집입구,창원시의창구,봉림동,2,"https://map.kakao.com/link/map/%EC%B0%BD%EC%9B%90%EC%9D%98%EC%A7%91%EC%9E%85%EA%B5%AC,35.2422153,128.6811025",https://map.naver.com/p?lng=128.6811025&lat=35.2422153&zoom=18,119122,CWB379000611,35.242215,128.681103
감계입구,창원시의창구,북면,2,"https://map.kakao.com/link/map/%EA%B0%90%EA%B3%84%EC%9E%85%EA%B5%AC,35.3031721,128.6010192",https://map.naver.com/p?lng=128.6010192&lat=35.3031721&zoom=18,119324,CWB379000230,35.303172,128.601019
감계입구,창원시의창구,북면,2,"https://map.kakao.com/link/map/%EA%B0%90%EA%B3%84%EC%9E%85%EA%B5%AC,35.3033396,128.6007906",https://map.naver.com/p?lng=128.6007906&lat=35.3033396&zoom=18,119323,CWB379000231,35.30334,128.600791
감나무골,창원시의창구,북면,2,"https://map.kakao.com/link/map/%EA%B0%90%EB%82%98%EB%AC%B4%EA%B3%A8,35.3075718,128.6007584",https://map.naver.com/p?lng=128.6007584&lat=35.3075718&zoom=18,119326,CWB379000213,35.307572,128.600758
감나무골,창원시의창구,북면,2,"https://map.kakao.com/link/map/%EA%B0%90%EB%82%98%EB%AC%B4%EA%B3%A8,35.3069732,128.6006924",https://map.naver.com/p?lng=128.6006924&lat=35.3069732&zoom=18,119325,CWB379000214,35.306973,128.600692
거풍힐링빌,창원시의창구,북면,2,"https://map.kakao.com/link/map/%EA%B1%B0%ED%92%8D%ED%9E%90%EB%A7%81%EB%B9%8C,35.3561361,128.6132265",https://map.naver.com/p?lng=128.6132265&lat=35.3561361&zoom=18,119372,CWB379003352,35.356136,128.613226
거풍힐링빌,창원시의창구,북면,2,"https://map.kakao.com/link/map/%EA%B1%B0%ED%92%8D%ED%9E%90%EB%A7%81%EB%B9%8C,35.356205,128.6131493",https://map.naver.com/p?lng=128.6131493&lat=35.356205&zoom=18,119371,CWB379003351,35.356205,128.613149
굴현고개,창원시의창구,북면,1,"https://map.kakao.com/link/map/%EA%B5%B4%ED%98%84%EA%B3%A0%EA%B0%9C,35.2773065,128.6160901",https://map.naver.com/p?lng=128.6160901&lat=35.2773065&zoom=18,119310,CWB379000297,35.277306,128.61609
까치골,창원시의창구,북면,2,"https://map.kakao.com/link/map/%EA%B9%8C%EC%B9%98%EA%B3%A8,35.3121177,128.6056242",https://map.naver.com/p?lng=128.6056242&lat=35.3121177&zoom=18,119330,CWB379000205,35.312118,128.605624
까치골,창원시의창구,북면,2,"https://map.kakao.com/link/map/%EA%B9%8C%EC%B9%98%EA%B3%A8,35.3119017,128.6051317",https://map.naver.com/p?lng=128.6051317&lat=35.3119017&zoom=18,119329,CWB379000202,35.311902,128.605132
내산,창원시의창구,북면,2,"https://map.kakao.com/link/map/%EB%82%B4%EC%82%B0,35.3754496,128.590784",https://map.naver.com/p?lng=128.590784&lat=35.3754496&zoom=18,112607,CWB379000009,35.37545,128.590784
내산,창원시의창구,북면,2,"https://map.kakao.com/link/map/%EB%82%B4%EC%82%B0,35.3757075,128.5908744",https://map.naver.com/p?lng=128.5908744&lat=35.3757075&zoom=18,112501,CWB379003140,35.375708,128.590874
달천산림욕장,창원시의창구,북면,2,"https://map.kakao.com/link/map/%EB%8B%AC%EC%B2%9C%EC%82%B0%EB%A6%BC%EC%9A%95%EC%9E%A5,35.2834216,128.6128209",https://map.naver.com/p?lng=128.6128209&lat=35.2834216&zoom=18,119201,CWB379003072,35.283422,128.612821
달천산림욕장,창원시의창구,북면,2,"https://map.kakao.com/link/map/%EB%8B%AC%EC%B2%9C%EC%82%B0%EB%A6%BC%EC%9A%95%EC%9E%A5,35.2837931,128.6122859",https://map.naver.com/p?lng=128.6122859&lat=35.2837931&zoom=18,119313,CWB379000280,35.283793,128.612286
대천,창원시의창구,북면,2,"https://map.kakao.com/link/map/%EB%8C%80%EC%B2%9C,35.3096071,128.6022593",https://map.naver.com/p?lng=128.6022593&lat=35.3096071&zoom=18,119328,CWB379000210,35.309607,128.602259
대천,창원시의창구,북면,2,"https://map.kakao.com/link/map/%EB%8C%80%EC%B2%9C,35.309648,128.6020565",https://map.naver.com/p?lng=128.6020565&lat=35.309648&zoom=18,119327,CWB379000209,35.309648,128.602056
대촌(하천초교),창원시의창구,북면,2,"https://map.kakao.com/link/map/%EB%8C%80%EC%B4%8C%28%ED%95%98%EC%B2%9C%EC%B4%88%EA%B5%90%29,35.36784,128.603222",https://map.naver.com/p?lng=128.603222&lat=35.36784&zoom=18,121506,CWB379000037,35.36784,128.603222
대촌(하천초교),창원시의창구,북면,2,"https://map.kakao.com/link/map/%EB%8C%80%EC%B4%8C%28%ED%95%98%EC%B2%9C%EC%B4%88%EA%B5%90%29,35.367793,128.6034148",https://map.naver.com/p?lng=128.6034148&lat=35.367793&zoom=18,121505,CWB379000035,35.367793,128.603415
대호아파트,창원시의창구,북면,2,"https://map.kakao.com/link/map/%EB%8C%80%ED%98%B8%EC%95%84%ED%8C%8C%ED%8A%B8,35.3448638,128.605945",https://map.naver.com/p?lng=128.605945&lat=35.3448638&zoom=18,119346,CWB379000129,35.344864,128.605945
대호아파트,창원시의창구,북면,2,"https://map.kakao.com/link/map/%EB%8C%80%ED%98%B8%EC%95%84%ED%8C%8C%ED%8A%B8,35.3447171,128.6053135",https://map.naver.com/p?lng=128.6053135&lat=35.3447171&zoom=18,119345,CWB379000130,35.344717,128.605314
도래,창원시의창구,북면,2,"https://map.kakao.com/link/map/%EB%8F%84%EB%9E%98,35.3722417,128.5982019",https://map.naver.com/p?lng=128.5982019&lat=35.3722417&zoom=18,112603,CWB379000015,35.372242,128.598202
도래,창원시의창구,북면,2,"https://map.kakao.com/link/map/%EB%8F%84%EB%9E%98,35.3721847,128.5981019",https://map.naver.com/p?lng=128.5981019&lat=35.3721847&zoom=18,112604,CWB379000016,35.372185,128.598102
동전,창원시의창구,북면,2,"https://map.kakao.com/link/map/%EB%8F%99%EC%A0%84,35.3177037,128.6037841",https://map.naver.com/p?lng=128.6037841&lat=35.3177037&zoom=18,119204,CWB379003141,35.317704,128.603784
동전,창원시의창구,북면,2,"https://map.kakao.com/link/map/%EB%8F%99%EC%A0%84,35.3178894,128.6033727",https://map.naver.com/p?lng=128.6033727&lat=35.3178894&zoom=18,119331,CWB379000191,35.317889,128.603373
동전산단,창원시의창구,북면,2,"https://map.kakao.com/link/map/%EB%8F%99%EC%A0%84%EC%82%B0%EB%8B%A8,35.3156805,128.6051378",https://map.naver.com/p?lng=128.6051378&lat=35.3156805&zoom=18,119206,CWB379005949,35.31568,128.605138
동전산단,창원시의창구,북면,2,"https://map.kakao.com/link/map/%EB%8F%99%EC%A0%84%EC%82%B0%EB%8B%A8,35.3156275,128.6048894",https://map.naver.com/p?lng=128.6048894&lat=35.3156275&zoom=18,119207,CWB379005950,35.315628,128.604889
명호마을,창원시의창구,북면,2,"https://map.kakao.com/link/map/%EB%AA%85%ED%98%B8%EB%A7%88%EC%9D%84,35.3207854,128.6022759",https://map.naver.com/p?lng=128.6022759&lat=35.3207854&zoom=18,119334,CWB379000179,35.320785,128.602276
명호마을,창원시의창구,북면,2,"https://map.kakao.com/link/map/%EB%AA%85%ED%98%B8%EB%A7%88%EC%9D%84,35.3210009,128.6021103",https://map.naver.com/p?lng=128.6021103&lat=35.3210009&zoom=18,119333,CWB379000178,35.321001,128.60211
무곡리.갈곡마을,창원시의창구,북면,2,"https://map.kakao.com/link/map/%EB%AC%B4%EA%B3%A1%EB%A6%AC.%EA%B0%88%EA%B3%A1%EB%A7%88%EC%9D%84,35.3337349,128.5993785",https://map.naver.com/p?lng=128.5993785&lat=35.3337349&zoom=18,119374,CWB379003408,35.333735,128.599378
무곡리.갈곡마을,창원시의창구,북면,2,"https://map.kakao.com/link/map/%EB%AC%B4%EA%B3%A1%EB%A6%AC.%EA%B0%88%EA%B3%A1%EB%A7%88%EC%9D%84,35.3333909,128.5991755",https://map.naver.com/p?lng=128.5991755&lat=35.3333909&zoom=18,119373,CWB379003407,35.333391,128.599176
바깥신천,창원시의창구,북면,2,"https://map.kakao.com/link/map/%EB%B0%94%EA%B9%A5%EC%8B%A0%EC%B2%9C,35.3685716,128.6260472",https://map.naver.com/p?lng=128.6260472&lat=35.3685716&zoom=18,119362,CWB379000028,35.368572,128.626047
바깥신천,창원시의창구,북면,2,"https://map.kakao.com/link/map/%EB%B0%94%EA%B9%A5%EC%8B%A0%EC%B2%9C,35.3685096,128.6259299",https://map.naver.com/p?lng=128.6259299&lat=35.3685096&zoom=18,119361,CWB379000025,35.36851,128.62593
봉촌,창원시의창구,북면,2,"https://map.kakao.com/link/map/%EB%B4%89%EC%B4%8C,35.3601998,128.5903038",https://map.naver.com/p?lng=128.5903038&lat=35.3601998&zoom=18,112003,CWB379000064,35.3602,128.590304
봉촌,창원시의창구,북면,2,"https://map.kakao.com/link/map/%EB%B4%89%EC%B4%8C,35.3600405,128.5900744",https://map.naver.com/p?lng=128.5900744&lat=35.3600405&zoom=18,112004,CWB379000065,35.36004,128.590074
북면농협,창원시의창구,북면,2,"https://map.kakao.com/link/map/%EB%B6%81%EB%A9%B4%EB%86%8D%ED%98%91,35.3533452,128.6091275",https://map.naver.com/p?lng=128.6091275&lat=35.3533452&zoom=18,119354,CWB379000083,35.353345,128.609128
북면농협,창원시의창구,북면,2,"https://map.kakao.com/link/map/%EB%B6%81%EB%A9%B4%EB%86%8D%ED%98%91,35.3530135,128.6088169",https://map.naver.com/p?lng=128.6088169&lat=35.3530135&zoom=18,119353,CWB379000088,35.353014,128.608817
북면온천,창원시의창구,북면,2,"https://map.kakao.com/link/map/%EB%B6%81%EB%A9%B4%EC%98%A8%EC%B2%9C,35.3546158,128.6102577",https://map.naver.com/p?lng=128.6102577&lat=35.3546158&zoom=18,119356,CWB379000081,35.354616,128.610258
북면온천,창원시의창구,북면,2,"https://map.kakao.com/link/map/%EB%B6%81%EB%A9%B4%EC%98%A8%EC%B2%9C,35.3546309,128.6099733",https://map.naver.com/p?lng=128.6099733&lat=35.3546309&zoom=18,119355,CWB379000082,35.354631,128.609973
북면온천마을회관,창원시의창구,북면,2,"https://map.kakao.com/link/map/%EB%B6%81%EB%A9%B4%EC%98%A8%EC%B2%9C%EB%A7%88%EC%9D%84%ED%9A%8C%EA%B4%80,35.3510654,128.6082853",https://map.naver.com/p?lng=128.6082853&lat=35.3510654&zoom=18,119352,CWB379000100,35.351065,128.608285
북면온천마을회관,창원시의창구,북면,2,"https://map.kakao.com/link/map/%EB%B6%81%EB%A9%B4%EC%98%A8%EC%B2%9C%EB%A7%88%EC%9D%84%ED%9A%8C%EA%B4%80,35.3508321,128.6080414",https://map.naver.com/p?lng=128.6080414&lat=35.3508321&zoom=18,119351,CWB379000101,35.350832,128.608041
북면행정복지센터,창원시의창구,북면,2,"https://map.kakao.com/link/map/%EB%B6%81%EB%A9%B4%ED%96%89%EC%A0%95%EB%B3%B5%EC%A7%80%EC%84%BC%ED%84%B0,35.347814,128.6077811",https://map.naver.com/p?lng=128.6077811&lat=35.347814&zoom=18,119348,CWB379000112,35.347814,128.607781
북면행정복지센터,창원시의창구,북면,2,"https://map.kakao.com/link/map/%EB%B6%81%EB%A9%B4%ED%96%89%EC%A0%95%EB%B3%B5%EC%A7%80%EC%84%BC%ED%84%B0,35.3478064,128.6076596",https://map.naver.com/p?lng=128.6076596&lat=35.3478064&zoom=18,119347,CWB379000113,35.347806,128.60766
산수정,창원시의창구,북면,2,"https://map.kakao.com/link/map/%EC%82%B0%EC%88%98%EC%A0%95,35.2816274,128.6137152",https://map.naver.com/p?lng=128.6137152&lat=35.2816274&zoom=18,119312,CWB379000284,35.281627,128.613715
산수정,창원시의창구,북면,2,"https://map.kakao.com/link/map/%EC%82%B0%EC%88%98%EC%A0%95,35.2814231,128.6136455",https://map.naver.com/p?lng=128.6136455&lat=35.2814231&zoom=18,119311,CWB379000285,35.281423,128.613645
소라,창원시의창구,북면,1,"https://map.kakao.com/link/map/%EC%86%8C%EB%9D%BC,35.3588738,128.5849747",https://map.naver.com/p?lng=128.5849747&lat=35.3588738&zoom=18,112001,CWB379000069,35.358874,128.584975
신기,창원시의창구,북면,2,"https://map.kakao.com/link/map/%EC%8B%A0%EA%B8%B0,35.3640577,128.6236141",https://map.naver.com/p?lng=128.6236141&lat=35.3640577&zoom=18,119360,CWB379000048,35.364058,128.623614
신기,창원시의창구,북면,2,"https://map.kakao.com/link/map/%EC%8B%A0%EA%B8%B0,35.3638701,128.6232711",https://map.naver.com/p?lng=128.6232711&lat=35.3638701&zoom=18,119359,CWB379000049,35.36387,128.623271
신동,창원시의창구,북면,2,"https://map.kakao.com/link/map/%EC%8B%A0%EB%8F%99,35.3301257,128.6007987",https://map.naver.com/p?lng=128.6007987&lat=35.3301257&zoom=18,119340,CWB379000164,35.330126,128.600799
신동,창원시의창구,북면,2,"https://map.kakao.com/link/map/%EC%8B%A0%EB%8F%99,35.3300509,128.6006794",https://map.naver.com/p?lng=128.6006794&lat=35.3300509&zoom=18,119375,CWB379005533,35.330051,128.600679
신동이주단지,창원시의창구,북면,2,"https://map.kakao.com/link/map/%EC%8B%A0%EB%8F%99%EC%9D%B4%EC%A3%BC%EB%8B%A8%EC%A7%80,35.3273994,128.6019839",https://map.naver.com/p?lng=128.6019839&lat=35.3273994&zoom=18,119338,CWB379000171,35.327399,128.601984
신동이주단지,창원시의창구,북면,2,"https://map.kakao.com/link/map/%EC%8B%A0%EB%8F%99%EC%9D%B4%EC%A3%BC%EB%8B%A8%EC%A7%80,35.3275338,128.6017207",https://map.naver.com/p?lng=128.6017207&lat=35.3275338&zoom=18,119337,CWB379000170,35.327534,128.601721
신목,창원시의창구,북면,2,"https://map.kakao.com/link/map/%EC%8B%A0%EB%AA%A9,35.3588669,128.6180841",https://map.naver.com/p?lng=128.6180841&lat=35.3588669&zoom=18,630008,CWB379000067,35.358867,128.618084
신목,창원시의창구,북면,2,"https://map.kakao.com/link/map/%EC%8B%A0%EB%AA%A9,35.3589233,128.6179722",https://map.naver.com/p?lng=128.6179722&lat=35.3589233&zoom=18,119357,CWB379000066,35.358923,128.617972
신촌주유소,창원시의창구,북면,2,"https://map.kakao.com/link/map/%EC%8B%A0%EC%B4%8C%EC%A3%BC%EC%9C%A0%EC%86%8C,35.3397704,128.6011532",https://map.naver.com/p?lng=128.6011532&lat=35.3397704&zoom=18,119344,CWB379000144,35.33977,128.601153
신촌주유소,창원시의창구,북면,2,"https://map.kakao.com/link/map/%EC%8B%A0%EC%B4%8C%EC%A3%BC%EC%9C%A0%EC%86%8C,35.3397342,128.6010096",https://map.naver.com/p?lng=128.6010096&lat=35.3397342&zoom=18,119343,CWB379000145,35.339734,128.60101
신한아파트,창원시의창구,북면,2,"https://map.kakao.com/link/map/%EC%8B%A0%ED%95%9C%EC%95%84%ED%8C%8C%ED%8A%B8,35.349309,128.6072349",https://map.naver.com/p?lng=128.6072349&lat=35.349309&zoom=18,119350,CWB379000102,35.349309,128.607235
신한아파트,창원시의창구,북면,2,"https://map.kakao.com/link/map/%EC%8B%A0%ED%95%9C%EC%95%84%ED%8C%8C%ED%8A%B8,35.349138,128.6072299",https://map.naver.com/p?lng=128.6072299&lat=35.349138&zoom=18,119349,CWB379000103,35.349138,128.60723
안신천,창원시의창구,북면,2,"https://map.kakao.com/link/map/%EC%95%88%EC%8B%A0%EC%B2%9C,35.3731356,128.6137346",https://map.naver.com/p?lng=128.6137346&lat=35.3731356&zoom=18,119364,CWB379000010,35.373136,128.613735
안신천,창원시의창구,북면,2,"https://map.kakao.com/link/map/%EC%95%88%EC%8B%A0%EC%B2%9C,35.3730351,128.6137921",https://map.naver.com/p?lng=128.6137921&lat=35.3730351&zoom=18,119363,CWB379000012,35.373035,128.613792
앞실마을,창원시의창구,북면,2,"https://map.kakao.com/link/map/%EC%95%9E%EC%8B%A4%EB%A7%88%EC%9D%84,35.3679642,128.6002312",https://map.naver.com/p?lng=128.6002312&lat=35.3679642&zoom=18,112601,CWB379000034,35.367964,128.600231
앞실마을,창원시의창구,북면,2,"https://map.kakao.com/link/map/%EC%95%9E%EC%8B%A4%EB%A7%88%EC%9D%84,35.3678683,128.6002258",https://map.naver.com/p?lng=128.6002258&lat=35.3678683&zoom=18,112602,CWB379000036,35.367868,128.600226
앞실마을입구,창원시의창구,북면,2,"https://map.kakao.com/link/map/%EC%95%9E%EC%8B%A4%EB%A7%88%EC%9D%84%EC%9E%85%EA%B5%AC,35.3642075,128.5997733",https://map.naver.com/p?lng=128.5997733&lat=35.3642075&zoom=18,121501,CWB379000050,35.364208,128.599773
앞실마을입구,창원시의창구,북면,2,"https://map.kakao.com/link/map/%EC%95%9E%EC%8B%A4%EB%A7%88%EC%9D%84%EC%9E%85%EA%B5%AC,35.3641316,128.5998637",https://map.naver.com/p?lng=128.5998637&lat=35.3641316&zoom=18,121502,CWB379000052,35.364132,128.599864
어유골,창원시의창구,북면,2,"https://map.kakao.com/link/map/%EC%96%B4%EC%9C%A0%EA%B3%A8,35.3584497,128.5878745",https://map.naver.com/p?lng=128.5878745&lat=35.3584497&zoom=18,111901,CWB379003121,35.35845,128.587874
어유골,창원시의창구,북면,2,"https://map.kakao.com/link/map/%EC%96%B4%EC%9C%A0%EA%B3%A8,35.3583599,128.5876874",https://map.naver.com/p?lng=128.5876874&lat=35.3583599&zoom=18,111902,CWB379003122,35.35836,128.587687
영신아파트,창원시의창구,북면,2,"https://map.kakao.com/link/map/%EC%98%81%EC%8B%A0%EC%95%84%ED%8C%8C%ED%8A%B8,35.3364351,128.6002381",https://map.naver.com/p?lng=128.6002381&lat=35.3364351&zoom=18,119342,CWB379000154,35.336435,128.600238
영신아파트,창원시의창구,북면,2,"https://map.kakao.com/link/map/%EC%98%81%EC%8B%A0%EC%95%84%ED%8C%8C%ED%8A%B8,35.3364263,128.6000774",https://map.naver.com/p?lng=128.6000774&lat=35.3364263&zoom=18,119341,CWB379000155,35.336426,128.600077
외감입구,창원시의창구,북면,2,"https://map.kakao.com/link/map/%EC%99%B8%EA%B0%90%EC%9E%85%EA%B5%AC,35.2893883,128.606389",https://map.naver.com/p?lng=128.606389&lat=35.2893883&zoom=18,119318,CWB379000260,35.289388,128.606389
외감입구,창원시의창구,북면,2,"https://map.kakao.com/link/map/%EC%99%B8%EA%B0%90%EC%9E%85%EA%B5%AC,35.2891685,128.6064916",https://map.naver.com/p?lng=128.6064916&lat=35.2891685&zoom=18,119317,CWB379000262,35.289168,128.606492
중재골입구,창원시의창구,북면,2,"https://map.kakao.com/link/map/%EC%A4%91%EC%9E%AC%EA%B3%A8%EC%9E%85%EA%B5%AC,35.2931516,128.6053578",https://map.naver.com/p?lng=128.6053578&lat=35.2931516&zoom=18,119320,CWB379000254,35.293152,128.605358
중재골입구,창원시의창구,북면,2,"https://map.kakao.com/link/map/%EC%A4%91%EC%9E%AC%EA%B3%A8%EC%9E%85%EA%B5%AC,35.2931892,128.6052432",https://map.naver.com/p?lng=128.6052432&lat=35.2931892&zoom=18,119319,CWB379000253,35.293189,128.605243
중촌,창원시의창구,북면,2,"https://map.kakao.com/link/map/%EC%A4%91%EC%B4%8C,35.36565,128.6013072",https://map.naver.com/p?lng=128.6013072&lat=35.36565&zoom=18,121503,CWB379000047,35.36565,128.601307
중촌,창원시의창구,북면,2,"https://map.kakao.com/link/map/%EC%A4%91%EC%B4%8C,35.3656514,128.6014522",https://map.naver.com/p?lng=128.6014522&lat=35.3656514&zoom=18,121504,CWB379000046,35.365651,128.601452
지개리입구,창원시의창구,북면,2,"https://map.kakao.com/link/map/%EC%A7%80%EA%B0%9C%EB%A6%AC%EC%9E%85%EA%B5%AC,35.2859929,128.6103302",https://map.naver.com/p?lng=128.6103302&lat=35.2859929&zoom=18,119314,CWB379000274,35.285993,128.61033
지개리입구,창원시의창구,북면,2,"https://map.kakao.com/link/map/%EC%A7%80%EA%B0%9C%EB%A6%AC%EC%9E%85%EA%B5%AC,35.285865,128.6102892",https://map.naver.com/p?lng=128.6102892&lat=35.285865&zoom=18,119315,CWB379000276,35.285865,128.610289
초소,창원시의창구,북면,2,"https://map.kakao.com/link/map/%EC%B4%88%EC%86%8C,35.378131,128.5948613",https://map.naver.com/p?lng=128.5948613&lat=35.378131&zoom=18,112609,CWB379000007,35.378131,128.594861
초소,창원시의창구,북면,2,"https://map.kakao.com/link/map/%EC%B4%88%EC%86%8C,35.3777822,128.5944913",https://map.naver.com/p?lng=128.5944913&lat=35.3777822&zoom=18,112608,CWB379000008,35.377782,128.594491
하천리,창원시의창구,북면,2,"https://map.kakao.com/link/map/%ED%95%98%EC%B2%9C%EB%A6%AC,35.3704324,128.6059216",https://map.naver.com/p?lng=128.6059216&lat=35.3704324&zoom=18,121508,CWB379006169,35.370432,128.605922
하천리,창원시의창구,북면,2,"https://map.kakao.com/link/map/%ED%95%98%EC%B2%9C%EB%A6%AC,35.370338,128.6060682",https://map.naver.com/p?lng=128.6060682&lat=35.370338&zoom=18,121507,CWB379006168,35.370338,128.606068
행복가득한집,창원시의창구,북면,2,"https://map.kakao.com/link/map/%ED%96%89%EB%B3%B5%EA%B0%80%EB%93%9D%ED%95%9C%EC%A7%91,35.356849,128.6151584",https://map.naver.com/p?lng=128.6151584&lat=35.356849&zoom=18,119368,CWB379003291,35.356849,128.615158
행복가득한집,창원시의창구,북면,2,"https://map.kakao.com/link/map/%ED%96%89%EB%B3%B5%EA%B0%80%EB%93%9D%ED%95%9C%EC%A7%91,35.3569338,128.6151133",https://map.naver.com/p?lng=128.6151133&lat=35.3569338&zoom=18,119367,CWB379003290,35.356934,128.615113
행복한병원,창원시의창구,북면,2,"https://map.kakao.com/link/map/%ED%96%89%EB%B3%B5%ED%95%9C%EB%B3%91%EC%9B%90,35.323593,128.6026596",https://map.naver.com/p?lng=128.6026596&lat=35.323593&zoom=18,119336,CWB379002912,35.323593,128.60266
행복한병원,창원시의창구,북면,2,"https://map.kakao.com/link/map/%ED%96%89%EB%B3%B5%ED%95%9C%EB%B3%91%EC%9B%90,35.3232712,128.6026229",https://map.naver.com/p?lng=128.6026229&lat=35.3232712&zoom=18,119335,CWB379002913,35.323271,128.602623
현도,창원시의창구,북면,2,"https://map.kakao.com/link/map/%ED%98%84%EB%8F%84,35.3737905,128.5913621",https://map.naver.com/p?lng=128.5913621&lat=35.3737905&zoom=18,112605,CWB379000014,35.37379,128.591362
현도,창원시의창구,북면,2,"https://map.kakao.com/link/map/%ED%98%84%EB%8F%84,35.3737089,128.5912312",https://map.naver.com/p?lng=128.5912312&lat=35.3737089&zoom=18,112606,CWB379000013,35.373709,128.591231
화천리,창원시의창구,북면,2,"https://map.kakao.com/link/map/%ED%99%94%EC%B2%9C%EB%A6%AC,35.3000271,128.6033567",https://map.naver.com/p?lng=128.6033567&lat=35.3000271&zoom=18,119322,CWB379000237,35.300027,128.603357
화천리,창원시의창구,북면,2,"https://map.kakao.com/link/map/%ED%99%94%EC%B2%9C%EB%A6%AC,35.2997835,128.6033253",https://map.naver.com/p?lng=128.6033253&lat=35.2997835&zoom=18,119321,CWB379000238,35.299784,128.603325
굴현고개,창원시의창구,의창동,1,"https://map.kakao.com/link/map/%EA%B5%B4%ED%98%84%EA%B3%A0%EA%B0%9C,35.2767508,128.6161063",https://map.naver.com/p?lng=128.6161063&lat=35.2767508&zoom=18,119309,CWB379000300,35.276751,128.616106
동정동,창원시의창구,의창동,1,"https://map.kakao.com/link/map/%EB%8F%99%EC%A0%95%EB%8F%99,35.2633623,128.6183266",https://map.naver.com/p?lng=128.6183266&lat=35.2633623&zoom=18,119302,CWB379000346,35.263362,128.618327
동정동갓골,창원시의창구,의창동,2,"https://map.kakao.com/link/map/%EB%8F%99%EC%A0%95%EB%8F%99%EA%B0%93%EA%B3%A8,35.2663047,128.6165887",https://map.naver.com/p?lng=128.6165887&lat=35.2663047&zoom=18,119306,CWB379000322,35.266305,128.616589
동정동갓골,창원시의창구,의창동,2,"https://map.kakao.com/link/map/%EB%8F%99%EC%A0%95%EB%8F%99%EA%B0%93%EA%B3%A8,35.2661846,128.6163663",https://map.naver.com/p?lng=128.6163663&lat=35.2661846&zoom=18,119305,CWB379000323,35.266185,128.616366
창원여중,창원시의창구,의창동,1,"https://map.kakao.com/link/map/%EC%B0%BD%EC%9B%90%EC%97%AC%EC%A4%91,35.2589124,128.6165122",https://map.naver.com/p?lng=128.6165122&lat=35.2589124&zoom=18,120608,CWB379000396,35.258912,128.616512
창원역,창원시의창구,의창동,1,"https://map.kakao.com/link/map/%EC%B0%BD%EC%9B%90%EC%97%AD,35.2572834,128.6073585",https://map.naver.com/p?lng=128.6073585&lat=35.2572834&zoom=18,115301,CWB379000408,35.257283,128.607358
천주암,창원시의창구,의창동,2,"https://map.kakao.com/link/map/%EC%B2%9C%EC%A3%BC%EC%95%94,35.2715596,128.614358",https://map.naver.com/p?lng=128.614358&lat=35.2715596&zoom=18,119308,CWB379000314,35.27156,128.614358
천주암,창원시의창구,의창동,2,"https://map.kakao.com/link/map/%EC%B2%9C%EC%A3%BC%EC%95%94,35.2714404,128.6142108",https://map.naver.com/p?lng=128.6142108&lat=35.2714404&zoom=18,119307,CWB379000316,35.27144,128.614211
흥한웰가아파트,창원시의창구,의창동,2,"https://map.kakao.com/link/map/%ED%9D%A5%ED%95%9C%EC%9B%B0%EA%B0%80%EC%95%84%ED%8C%8C%ED%8A%B8,35.2644647,128.6181899",https://map.naver.com/p?lng=128.6181899&lat=35.2644647&zoom=18,119304,CWB379000336,35.264465,128.61819
흥한웰가아파트,창원시의창구,의창동,2,"https://map.kakao.com/link/map/%ED%9D%A5%ED%95%9C%EC%9B%B0%EA%B0%80%EC%95%84%ED%8C%8C%ED%8A%B8,35.264309,128.617951",https://map.naver.com/p?lng=128.617951&lat=35.264309&zoom=18,119303,CWB379000342,35.264309,128.617951
경남테크노파크,창원시의창구,팔룡동,2,"https://map.kakao.com/link/map/%EA%B2%BD%EB%82%A8%ED%85%8C%ED%81%AC%EB%85%B8%ED%8C%8C%ED%81%AC,35.254398,128.6067947",https://map.naver.com/p?lng=128.6067947&lat=35.254398&zoom=18,118801,CWB379002297,35.254398,128.606795
경남테크노파크,창원시의창구,팔룡동,2,"https://map.kakao.com/link/map/%EA%B2%BD%EB%82%A8%ED%85%8C%ED%81%AC%EB%85%B8%ED%8C%8C%ED%81%AC,35.2532703,128.6078276",https://map.naver.com/p?lng=128.6078276&lat=35.2532703&zoom=18,118802,CWB379000443,35.25327,128.607828
동서식품,창원시의창구,팔룡동,2,"https://map.kakao.com/link/map/%EB%8F%99%EC%84%9C%EC%8B%9D%ED%92%88,35.2507458,128.6129642",https://map.naver.com/p?lng=128.6129642&lat=35.2507458&zoom=18,118805,CWB379000476,35.250746,128.612964
동서식품,창원시의창구,팔룡동,2,"https://map.kakao.com/link/map/%EB%8F%99%EC%84%9C%EC%8B%9D%ED%92%88,35.2498699,128.6137411",https://map.naver.com/p?lng=128.6137411&lat=35.2498699&zoom=18,118806,CWB379000487,35.24987,128.613741
운암서원삼거리,창원시의창구,팔룡동,2,"https://map.kakao.com/link/map/%EC%9A%B4%EC%95%94%EC%84%9C%EC%9B%90%EC%82%BC%EA%B1%B0%EB%A6%AC,35.2409404,128.6353775",https://map.naver.com/p?lng=128.6353775&lat=35.2409404&zoom=18,118823,CWB379006238,35.24094,128.635378
운암서원삼거리,창원시의창구,팔룡동,2,"https://map.kakao.com/link/map/%EC%9A%B4%EC%95%94%EC%84%9C%EC%9B%90%EC%82%BC%EA%B1%B0%EB%A6%AC,35.240874,128.635291",https://map.naver.com/p?lng=128.635291&lat=35.240874&zoom=18,118822,CWB379006237,35.240874,128.635291
차룡사거리,창원시의창구,팔룡동,2,"https://map.kakao.com/link/map/%EC%B0%A8%EB%A3%A1%EC%82%AC%EA%B1%B0%EB%A6%AC,35.2431794,128.6263182",https://map.naver.com/p?lng=128.6263182&lat=35.2431794&zoom=18,118811,CWB379000606,35.243179,128.626318
차룡사거리,창원시의창구,팔룡동,2,"https://map.kakao.com/link/map/%EC%B0%A8%EB%A3%A1%EC%82%AC%EA%B1%B0%EB%A6%AC,35.242835,128.6260183",https://map.naver.com/p?lng=128.6260183&lat=35.242835&zoom=18,118812,CWB379000615,35.242835,128.626018
창원공고.파티마병원,창원시의창구,팔룡동,1,"https://map.kakao.com/link/map/%EC%B0%BD%EC%9B%90%EA%B3%B5%EA%B3%A0.%ED%8C%8C%ED%8B%B0%EB%A7%88%EB%B3%91%EC%9B%90,35.2367674,128.6445201",https://map.naver.com/p?lng=128.6445201&lat=35.2367674&zoom=18,107608,CWB379000689,35.236767,128.64452
창원스마트업파크,창원시의창구,팔룡동,2,"https://map.kakao.com/link/map/%EC%B0%BD%EC%9B%90%EC%8A%A4%EB%A7%88%ED%8A%B8%EC%97%85%ED%8C%8C%ED%81%AC,35.2393799,128.6328193",https://map.naver.com/p?lng=128.6328193&lat=35.2393799&zoom=18,118813,CWB379000660,35.23938,128.632819
창원스마트업파크,창원시의창구,팔룡동,2,"https://map.kakao.com/link/map/%EC%B0%BD%EC%9B%90%EC%8A%A4%EB%A7%88%ED%8A%B8%EC%97%85%ED%8C%8C%ED%81%AC,35.2400544,128.6340827",https://map.naver.com/p?lng=128.6340827&lat=35.2400544&zoom=18,118820,CWB379006236,35.240054,128.634083
창원여중,창원시의창구,팔룡동,1,"https://map.kakao.com/link/map/%EC%B0%BD%EC%9B%90%EC%97%AC%EC%A4%91,35.2594623,128.6166879",https://map.naver.com/p?lng=128.6166879&lat=35.2594623&zoom=18,120607,CWB379000387,35.259462,128.616688
창원역,창원시의창구,팔룡동,1,"https://map.kakao.com/link/map/%EC%B0%BD%EC%9B%90%EC%97%AD,35.2571654,128.6077952",https://map.naver.com/p?lng=128.6077952&lat=35.2571654&zoom=18,115304,CWB379000409,35.257165,128.607795
창원웨딩의전당,창원시의창구,팔룡동,2,"https://map.kakao.com/link/map/%EC%B0%BD%EC%9B%90%EC%9B%A8%EB%94%A9%EC%9D%98%EC%A0%84%EB%8B%B9,35.2564154,128.6103552",https://map.naver.com/p?lng=128.6103552&lat=35.2564154&zoom=18,107602,CWB379000421,35.256415,128.610355
창원웨딩의전당,창원시의창구,팔룡동,2,"https://map.kakao.com/link/map/%EC%B0%BD%EC%9B%90%EC%9B%A8%EB%94%A9%EC%9D%98%EC%A0%84%EB%8B%B9,35.2565624,128.610464",https://map.naver.com/p?lng=128.610464&lat=35.2565624&zoom=18,107601,CWB379000417,35.256562,128.610464
터미널삼거리,창원시의창구,팔룡동,2,"https://map.kakao.com/link/map/%ED%84%B0%EB%AF%B8%EB%84%90%EC%82%BC%EA%B1%B0%EB%A6%AC,35.2383605,128.6392226",https://map.naver.com/p?lng=128.6392226&lat=35.2383605&zoom=18,118825,CWB379006240,35.23836,128.639223
터미널삼거리,창원시의창구,팔룡동,2,"https://map.kakao.com/link/map/%ED%84%B0%EB%AF%B8%EB%84%90%EC%82%BC%EA%B1%B0%EB%A6%AC,35.2382731,128.6391878",https://map.naver.com/p?lng=128.6391878&lat=35.2382731&zoom=18,118824,CWB379006239,35.238273,128.639188
팔룡119안전센터,창원시의창구,팔룡동,2,"https://map.kakao.com/link/map/%ED%8C%94%EB%A3%A1119%EC%95%88%EC%A0%84%EC%84%BC%ED%84%B0,35.2448088,128.6233388",https://map.naver.com/p?lng=128.6233388&lat=35.2448088&zoom=18,118809,CWB379000579,35.244809,128.623339
팔룡119안전센터,창원시의창구,팔룡동,2,"https://map.kakao.com/link/map/%ED%8C%94%EB%A3%A1119%EC%95%88%EC%A0%84%EC%84%BC%ED%84%B0,35.2440491,128.6239615",https://map.naver.com/p?lng=128.6239615&lat=35.2440491&zoom=18,118810,CWB379000594,35.244049,128.623962
팔룡동입구,창원시의창구,팔룡동,2,"https://map.kakao.com/link/map/%ED%8C%94%EB%A3%A1%EB%8F%99%EC%9E%85%EA%B5%AC,35.2524663,128.6100229",https://map.naver.com/p?lng=128.6100229&lat=35.2524663&zoom=18,118803,CWB379000453,35.252466,128.610023
팔룡동입구,창원시의창구,팔룡동,2,"https://map.kakao.com/link/map/%ED%8C%94%EB%A3%A1%EB%8F%99%EC%9E%85%EA%B5%AC,35.2516036,128.6107104",https://map.naver.com/p?lng=128.6107104&lat=35.2516036&zoom=18,118804,CWB379000464,35.251604,128.61071
팔룡동행정복지센터,창원시의창구,팔룡동,2,"https://map.kakao.com/link/map/%ED%8C%94%EB%A3%A1%EB%8F%99%ED%96%89%EC%A0%95%EB%B3%B5%EC%A7%80%EC%84%BC%ED%84%B0,35.255383,128.613313",https://map.naver.com/p?lng=128.613313&lat=35.255383&zoom=18,120606,CWB379000429,35.255383,128.613313
팔룡동행정복지센터,창원시의창구,팔룡동,2,"https://map.kakao.com/link/map/%ED%8C%94%EB%A3%A1%EB%8F%99%ED%96%89%EC%A0%95%EB%B3%B5%EC%A7%80%EC%84%BC%ED%84%B0,35.2554457,128.6130352",https://map.naver.com/p?lng=128.6130352&lat=35.2554457&zoom=18,120605,CWB379000428,35.255446,128.613035
평산사거리,창원시의창구,팔룡동,1,"https://map.kakao.com/link/map/%ED%8F%89%EC%82%B0%EC%82%AC%EA%B1%B0%EB%A6%AC,35.2484379,128.6169916",https://map.naver.com/p?lng=128.6169916&lat=35.2484379&zoom=18,118807,CWB379000512,35.248438,128.616992
평산사거리/신화더플렉스,창원시의창구,팔룡동,1,"https://map.kakao.com/link/map/%ED%8F%89%EC%82%B0%EC%82%AC%EA%B1%B0%EB%A6%AC%2F%EC%8B%A0%ED%99%94%EB%8D%94%ED%94%8C%EB%A0%89%EC%8A%A4,35.2477961,128.6176409",https://map.naver.com/p?lng=128.6176409&lat=35.2477961&zoom=18,118808,CWB379000525,35.247796,128.617641
